b01001001,b01001a001,b01001b001,b15002003,b15002004,b15002005,b15002006,b15002007,b15002008,b15002009,b15002010,b15002011,b15002012,b15002013,b15002014,b15002015,b15002016,b15002017,b15002018,b19013001,gid,place
55207.0,41295.0,9130.0,50.0,98.0,39.0,59.0,14.0,231.0,130.0,30.0,1522.0,278.0,1117.0,631.0,3554.0,1873.0,517.0,1452.0,37853.0,16000US0103076,auburn
211827.0,47737.0,157915.0,460.0,468.0,445.0,973.0,1926.0,2319.0,3455.0,1521.0,19572.0,2763.0,11977.0,3746.0,7533.0,2968.0,1514.0,821.0,30276.0,16000US0107000,birmingham
67269.0,42083.0,22082.0,246.0,112.0,254.0,460.0,460.0,738.0,638.0,328.0,6379.0,1239.0,3159.0,1452.0,3347.0,1053.0,536.0,205.0,41417.0,16000US0121184,dothan
36760.0,21554.0,13857.0,191.0,89.0,362.0,268.0,282.0,518.0,405.0,303.0,4037.0,583.0,2338.0,313.0,999.0,360.0,285.0,53.0,25878.0,16000US0128696,gadsden
181734.0,113089.0,56248.0,549.0,389.0,505.0,760.0,965.0,1113.0,928.0,1090.0,11751.0,2114.0,10203.0,3636.0,14232.0,6577.0,1801.0,1599.0,46821.0,16000US0137000,huntsville
194829.0,88886.0,99107.0,1093.0,88.0,255.0,768.0,1165.0,1794.0,2024.0,1332.0,18302.0,3330.0,9549.0,3658.0,9739.0,2447.0,1778.0,959.0,38566.0,16000US0150000,mobile
206346.0,78298.0,117266.0,994.0,314.0,720.0,1442.0,1539.0,2110.0,1391.0,895.0,15132.0,2266.0,10868.0,3159.0,10755.0,4881.0,1445.0,1123.0,42403.0,16000US0151000,montgomery
92217.0,49646.0,39469.0,175.0,200.0,137.0,737.0,276.0,937.0,703.0,267.0,6150.0,1179.0,3931.0,947.0,3962.0,1843.0,551.0,706.0,36429.0,16000US0177256,tuscaloosa
296039.0,195745.0,17843.0,650.0,309.0,454.0,726.0,843.0,1274.0,1133.0,1635.0,23949.0,6798.0,20018.0,7034.0,17136.0,7435.0,2706.0,1324.0,74648.0,16000US0203000,anchorage
32021.0,21498.0,3031.0,150.0,0.0,25.0,119.0,152.0,186.0,281.0,162.0,3043.0,686.0,2250.0,779.0,1105.0,203.0,65.0,109.0,53140.0,16000US0224230,fairbanks
32071.0,22256.0,,5.0,0.0,59.0,96.0,4.0,83.0,125.0,129.0,2610.0,894.0,2509.0,558.0,2225.0,1401.0,289.0,177.0,78547.0,05000US02110,juneau
56307.0,47570.0,,63.0,132.0,87.0,245.0,87.0,232.0,276.0,155.0,7432.0,1259.0,4545.0,1214.0,3016.0,1047.0,177.0,144.0,60682.0,05000US02122,kenaipeninsula
6477128.0,5130199.0,271600.0,23677.0,19361.0,44874.0,43195.0,36549.0,42934.0,53580.0,40936.0,502046.0,139942.0,379140.0,158843.0,359788.0,139286.0,42918.0,29353.0,48307.0,04000US04,flagstaff
202102.0,178891.0,,894.0,270.0,859.0,1452.0,1522.0,2200.0,3662.0,1805.0,25032.0,6872.0,14155.0,5548.0,5640.0,2361.0,852.0,489.0,36976.0,05000US04015,mohave
1467400.0,1139484.0,100206.0,6946.0,7039.0,17693.0,12809.0,10417.0,9883.0,12644.0,12448.0,108392.0,27356.0,71704.0,30959.0,78018.0,27202.0,9784.0,4351.0,44649.0,16000US0455000,phoenix
39763.0,36836.0,,34.0,0.0,23.0,321.0,321.0,110.0,214.0,252.0,2661.0,988.0,2947.0,888.0,4353.0,1119.0,432.0,345.0,43501.0,16000US0457380,prescott
45918.0,33467.0,3664.0,122.0,20.0,61.0,333.0,42.0,15.0,174.0,100.0,2740.0,487.0,2836.0,1787.0,2947.0,1752.0,191.0,89.0,55826.0,16000US0466820,sierravista
522770.0,395356.0,26053.0,2498.0,1227.0,3464.0,3597.0,2962.0,3540.0,5677.0,3263.0,38747.0,10806.0,31820.0,12559.0,23714.0,9955.0,2747.0,2808.0,36050.0,16000US0477000,tucson
95130.0,65231.0,2919.0,485.0,356.0,1216.0,778.0,1056.0,572.0,640.0,635.0,7119.0,3285.0,4343.0,2039.0,2858.0,1125.0,164.0,253.0,43147.0,16000US0485540,yuma
75473.0,63082.0,4763.0,96.0,53.0,225.0,368.0,505.0,122.0,422.0,242.0,3690.0,1008.0,4112.0,1153.0,5160.0,2271.0,1006.0,802.0,36262.0,16000US0523290,fayetteville
86981.0,68200.0,7480.0,311.0,395.0,869.0,610.0,1174.0,769.0,679.0,871.0,7400.0,1901.0,4212.0,1927.0,3851.0,1337.0,529.0,268.0,36792.0,16000US0524550,fortsmith
68844.0,53363.0,12984.0,169.0,11.0,171.0,159.0,408.0,558.0,551.0,262.0,6069.0,1046.0,3233.0,1023.0,3456.0,902.0,578.0,550.0,39267.0,16000US0535710,jonesboro
195242.0,100428.0,84399.0,398.0,293.0,451.0,774.0,647.0,1116.0,1289.0,973.0,14077.0,2623.0,9296.0,2940.0,15116.0,4506.0,2946.0,1603.0,45267.0,16000US0541000,littlerock
353780.0,234162.0,29220.0,2431.0,1911.0,3827.0,2068.0,2036.0,2058.0,3315.0,3717.0,25324.0,7294.0,18042.0,6510.0,13110.0,4269.0,1832.0,1034.0,54422.0,16000US0603526,bakersfield
86920.0,72386.0,,234.0,176.0,197.0,306.0,162.0,342.0,381.0,679.0,3838.0,1900.0,4616.0,2102.0,5627.0,1432.0,350.0,691.0,41216.0,16000US0613014,chico
501350.0,254623.0,38478.0,6610.0,3044.0,5999.0,5026.0,3892.0,3146.0,5316.0,4312.0,32720.0,8386.0,24289.0,9315.0,18433.0,4522.0,2570.0,1335.0,40761.0,16000US0627000,fresno
135061.0,111898.0,,265.0,105.0,273.0,785.0,707.0,1045.0,1291.0,926.0,12601.0,3212.0,8630.0,3935.0,7872.0,1833.0,1002.0,906.0,40997.0,05000US06023,humboldt
175837.0,119000.0,5400.0,2113.0,2125.0,3451.0,2242.0,2584.0,1720.0,2907.0,1812.0,13367.0,3569.0,8418.0,2858.0,4269.0,1449.0,458.0,106.0,40735.0,05000US06025,imperial
37686586.0,23539312.0,2255750.0,268463.0,214658.0,487744.0,231887.0,266770.0,202112.0,289885.0,332143.0,2524456.0,647878.0,1953231.0,839606.0,2272529.0,864544.0,317925.0,221774.0,59368.0,04000US06,inlandempire
465125.0,251698.0,60010.0,4158.0,2696.0,5707.0,2743.0,4199.0,2369.0,3943.0,4305.0,29318.0,7016.0,25990.0,10627.0,26697.0,8009.0,3153.0,2490.0,51623.0,16000US0643000,longbeach
3825653.0,2012658.0,358659.0,36984.0,35037.0,83939.0,29238.0,41190.0,21726.0,29762.0,38808.0,247888.0,45419.0,176710.0,65598.0,254027.0,75772.0,40557.0,16901.0,47742.0,16000US0644000,losangeles
79987.0,49100.0,4562.0,1043.0,809.0,1193.0,425.0,804.0,592.0,793.0,615.0,4846.0,1342.0,4284.0,2021.0,2042.0,624.0,344.0,173.0,38688.0,16000US0646898,merced
202400.0,147805.0,7810.0,1184.0,915.0,2097.0,1368.0,1047.0,1144.0,2271.0,2050.0,17200.0,4721.0,10516.0,3906.0,6803.0,2437.0,1409.0,250.0,45405.0,16000US0648354,modesto
28492.0,22099.0,,16.0,0.0,20.0,75.0,122.0,114.0,44.0,329.0,1345.0,374.0,1588.0,860.0,2294.0,1531.0,328.0,362.0,61374.0,16000US0648872,monterey
37686586.0,23539312.0,2255750.0,268463.0,214658.0,487744.0,231887.0,266770.0,202112.0,289885.0,332143.0,2524456.0,647878.0,1953231.0,839606.0,2272529.0,864544.0,317925.0,221774.0,59368.0,04000US06,northbay
37686586.0,23539312.0,2255750.0,268463.0,214658.0,487744.0,231887.0,266770.0,202112.0,289885.0,332143.0,2524456.0,647878.0,1953231.0,839606.0,2272529.0,864544.0,317925.0,221774.0,59368.0,04000US06,orangecounty
396030.0,162242.0,105709.0,4124.0,2481.0,5733.0,2908.0,3444.0,2130.0,2337.0,3362.0,24552.0,4840.0,21433.0,7369.0,28389.0,11641.0,3867.0,3596.0,50326.0,16000US0653000,eastbay
45306.0,35185.0,2033.0,118.0,202.0,522.0,161.0,221.0,191.0,460.0,423.0,3821.0,1446.0,4058.0,1184.0,5293.0,2018.0,855.0,485.0,44544.0,16000US0655254,palmsprings
154383.0,64108.0,22215.0,652.0,853.0,2216.0,1182.0,1143.0,1026.0,2034.0,1636.0,9707.0,2577.0,8061.0,2776.0,4068.0,1646.0,238.0,105.0,52284.0,16000US0655156,palmdale
90351.0,78218.0,,360.0,0.0,142.0,231.0,171.0,467.0,799.0,612.0,7873.0,2559.0,5882.0,2938.0,4272.0,1316.0,743.0,282.0,41717.0,16000US0659920,redding
471552.0,235539.0,66169.0,5115.0,1345.0,3651.0,3275.0,1721.0,2725.0,3464.0,4140.0,30900.0,9069.0,25518.0,11137.0,26318.0,9165.0,4125.0,2439.0,48692.0,16000US0664000,sacramento
1321545.0,844547.0,89532.0,6781.0,3086.0,9928.0,4558.0,7312.0,3759.0,6559.0,7832.0,72007.0,20889.0,72566.0,32559.0,106291.0,42640.0,16978.0,16707.0,63034.0,16000US0666000,sandiego
37686586.0,23539312.0,2255750.0,268463.0,214658.0,487744.0,231887.0,266770.0,202112.0,289885.0,332143.0,2524456.0,647878.0,1953231.0,839606.0,2272529.0,864544.0,317925.0,221774.0,59368.0,04000US06,sanfernandovalley
815234.0,410383.0,48401.0,6396.0,3467.0,7433.0,4859.0,4130.0,3900.0,2740.0,6818.0,43235.0,10277.0,42271.0,16538.0,104018.0,41978.0,16672.0,8096.0,72888.0,16000US0667000,sf
37686586.0,23539312.0,2255750.0,268463.0,214658.0,487744.0,231887.0,266770.0,202112.0,289885.0,332143.0,2524456.0,647878.0,1953231.0,839606.0,2272529.0,864544.0,317925.0,221774.0,59368.0,04000US06,sangabrielvalley
969324.0,451915.0,30414.0,6884.0,3693.0,10958.0,5789.0,6360.0,5675.0,6337.0,7881.0,58260.0,13536.0,46354.0,22982.0,73727.0,36237.0,5540.0,8174.0,80155.0,16000US0668000,sanjose
45527.0,37622.0,,87.0,55.0,136.0,126.0,54.0,70.0,111.0,233.0,1439.0,578.0,1764.0,1092.0,3648.0,1238.0,345.0,696.0,45756.0,16000US0668154,sanluisobispo
98499.0,63674.0,,427.0,483.0,1018.0,713.0,582.0,197.0,416.0,623.0,5817.0,1872.0,5348.0,2584.0,8355.0,3527.0,1519.0,839.0,82551.0,16000US0668252,sanmateo
88996.0,66365.0,,632.0,530.0,1357.0,683.0,1238.0,238.0,369.0,309.0,4120.0,947.0,4827.0,2086.0,6792.0,2904.0,1235.0,1298.0,64098.0,16000US0669070,santabarbara
61372.0,48957.0,,112.0,44.0,278.0,69.0,76.0,704.0,130.0,143.0,2739.0,594.0,3342.0,1041.0,4240.0,2250.0,592.0,751.0,62631.0,16000US0669112,santacruz
100529.0,76015.0,,1601.0,1561.0,3950.0,1287.0,1702.0,702.0,908.0,616.0,5358.0,1418.0,4091.0,1553.0,2783.0,804.0,272.0,148.0,50084.0,16000US0669196,santamaria
44599.0,38779.0,,66.0,97.0,119.0,264.0,178.0,353.0,327.0,296.0,4179.0,1296.0,3532.0,1204.0,2667.0,774.0,254.0,140.0,36016.0,05000US06093,siskiyou
295354.0,133879.0,33975.0,3645.0,1522.0,4333.0,1977.0,1859.0,1806.0,2601.0,3084.0,20696.0,5210.0,13708.0,6984.0,9480.0,2745.0,1187.0,831.0,45360.0,16000US0675000,stockton
830828.0,634203.0,15494.0,4683.0,5852.0,12056.0,3018.0,5341.0,4362.0,5565.0,5980.0,48856.0,15682.0,45610.0,20264.0,52404.0,20600.0,7471.0,3950.0,74458.0,05000US06111,ventura
125986.0,102332.0,2758.0,1350.0,741.0,987.0,710.0,605.0,703.0,1306.0,909.0,8473.0,2517.0,7374.0,3259.0,5132.0,1525.0,1088.0,396.0,52272.0,16000US0682954,visalia
100403.0,88748.0,,151.0,44.0,442.0,46.0,116.0,163.0,147.0,101.0,1952.0,959.0,3229.0,1039.0,9611.0,5750.0,1585.0,3139.0,56205.0,16000US0807850,boulder
425725.0,343105.0,27097.0,791.0,362.0,968.0,1286.0,835.0,1680.0,2158.0,1740.0,26566.0,9149.0,24441.0,12715.0,29172.0,16035.0,3484.0,2182.0,52896.0,16000US0816000,coloradosprings
619016.0,447079.0,61950.0,2848.0,2039.0,6501.0,3583.0,4537.0,3933.0,4903.0,3536.0,40537.0,10065.0,30234.0,9587.0,55748.0,21617.0,8655.0,3854.0,49049.0,16000US0820000,denver
146235.0,131007.0,,249.0,119.0,239.0,267.0,190.0,311.0,330.0,242.0,5941.0,2370.0,6431.0,3041.0,13321.0,5685.0,1155.0,1834.0,51830.0,16000US0827425,fortcollins
107364.0,80879.0,2444.0,318.0,553.0,339.0,1115.0,575.0,1115.0,1197.0,755.0,9827.0,3109.0,5948.0,2903.0,4074.0,1544.0,438.0,335.0,34083.0,16000US0862000,pueblo
5117453.0,4296497.0,206254.0,13943.0,11559.0,25468.0,22806.0,22060.0,23685.0,30721.0,25654.0,381928.0,99345.0,275712.0,123233.0,390323.0,156430.0,42945.0,31979.0,56837.0,04000US08,rockies
5117453.0,4296497.0,206254.0,13943.0,11559.0,25468.0,22806.0,22060.0,23685.0,30721.0,25654.0,381928.0,99345.0,275712.0,123233.0,390323.0,156430.0,42945.0,31979.0,56837.0,04000US08,westslope
3584561.0,2797813.0,362387.0,11484.0,8238.0,13052.0,20176.0,15663.0,21171.0,21463.0,20134.0,333606.0,60254.0,140802.0,67713.0,241148.0,121978.0,41542.0,24148.0,67544.0,04000US09,newlondon
124894.0,46222.0,47157.0,1152.0,820.0,1637.0,1497.0,1291.0,1184.0,2089.0,910.0,10566.0,1291.0,4270.0,1469.0,3107.0,1403.0,676.0,277.0,28415.0,16000US0937000,hartford
130378.0,59149.0,45471.0,690.0,651.0,1210.0,757.0,1099.0,1001.0,1234.0,913.0,11285.0,971.0,4010.0,1448.0,5750.0,3014.0,1253.0,2175.0,36413.0,16000US0952000,newhaven
3584561.0,2797813.0,362387.0,11484.0,8238.0,13052.0,20176.0,15663.0,21171.0,21463.0,20134.0,333606.0,60254.0,140802.0,67713.0,241148.0,121978.0,41542.0,24148.0,67544.0,04000US09,nwct
618777.0,247079.0,311415.0,3090.0,1749.0,2436.0,3391.0,3530.0,3580.0,4914.0,3206.0,37139.0,5853.0,20007.0,5871.0,47186.0,31761.0,18817.0,8429.0,64610.0,04000US11,nova
618777.0,247079.0,311415.0,3090.0,1749.0,2436.0,3391.0,3530.0,3580.0,4914.0,3206.0,37139.0,5853.0,20007.0,5871.0,47186.0,31761.0,18817.0,8429.0,64610.0,04000US11,southernmaryland
618777.0,247079.0,311415.0,3090.0,1749.0,2436.0,3391.0,3530.0,3580.0,4914.0,3206.0,37139.0,5853.0,20007.0,5871.0,47186.0,31761.0,18817.0,8429.0,64610.0,04000US11,dc
19081930.0,14568707.0,3050618.0,85845.0,55567.0,110017.0,121607.0,122422.0,155499.0,160813.0,151644.0,1894340.0,382561.0,906784.0,505584.0,1080744.0,392209.0,163721.0,87027.0,45637.0,04000US12,daytona
64070.0,36990.0,20727.0,388.0,226.0,614.0,610.0,437.0,814.0,1056.0,926.0,6734.0,1090.0,2620.0,1344.0,3217.0,1148.0,351.0,463.0,35128.0,16000US1224125,fortmyers
19081930.0,14568707.0,3050618.0,85845.0,55567.0,110017.0,121607.0,122422.0,155499.0,160813.0,151644.0,1894340.0,382561.0,906784.0,505584.0,1080744.0,392209.0,163721.0,87027.0,45637.0,04000US12,ftlauderdale
125273.0,82446.0,28561.0,444.0,62.0,126.0,265.0,336.0,659.0,700.0,445.0,6558.0,1417.0,3418.0,3047.0,5990.0,3357.0,1254.0,2715.0,31294.0,16000US1225175,gainesville
829535.0,501985.0,253136.0,3231.0,1244.0,1658.0,3875.0,4666.0,8306.0,7008.0,4517.0,77458.0,18282.0,40851.0,22919.0,44742.0,12071.0,5038.0,2681.0,45577.0,16000US1235000,jacksonville
19081930.0,14568707.0,3050618.0,85845.0,55567.0,110017.0,121607.0,122422.0,155499.0,160813.0,151644.0,1894340.0,382561.0,906784.0,505584.0,1080744.0,392209.0,163721.0,87027.0,45637.0,04000US12,keys
98968.0,72319.0,20523.0,480.0,382.0,323.0,735.0,499.0,919.0,739.0,476.0,10137.0,1476.0,4571.0,1865.0,5236.0,1756.0,450.0,464.0,37833.0,16000US1238250,lakeland
408322.0,305357.0,79841.0,2902.0,5628.0,12355.0,5306.0,4031.0,3434.0,3716.0,5500.0,44269.0,3609.0,11803.0,9436.0,18964.0,7210.0,4855.0,1652.0,28935.0,16000US1245000,miami
56616.0,38801.0,12566.0,130.0,108.0,155.0,264.0,237.0,472.0,582.0,692.0,5248.0,1246.0,2350.0,1377.0,2919.0,615.0,577.0,287.0,35310.0,16000US1250750,ocala
184699.0,148075.0,16406.0,317.0,135.0,326.0,703.0,573.0,1030.0,1070.0,852.0,15060.0,4319.0,11656.0,6178.0,10620.0,6550.0,1333.0,647.0,53008.0,05000US12091,okaloosa
243895.0,142182.0,71262.0,506.0,571.0,967.0,1610.0,839.0,1799.0,1304.0,1729.0,20157.0,3518.0,10626.0,7392.0,15142.0,5546.0,2076.0,1036.0,41266.0,16000US1253000,orlando
35829.0,26223.0,6386.0,246.0,46.0,97.0,252.0,163.0,104.0,312.0,103.0,3917.0,941.0,2405.0,1050.0,1186.0,399.0,276.0,101.0,37449.0,16000US1254700,panamacity
52083.0,36055.0,12603.0,160.0,115.0,195.0,144.0,326.0,306.0,541.0,181.0,4893.0,1184.0,2799.0,1149.0,3193.0,1378.0,667.0,274.0,43646.0,16000US1255925,pensacola
52420.0,41791.0,7740.0,47.0,22.0,83.0,422.0,428.0,373.0,308.0,232.0,6154.0,1055.0,2359.0,967.0,3316.0,1695.0,667.0,289.0,40370.0,16000US1264175,sarasota
19081930.0,14568707.0,3050618.0,85845.0,55567.0,110017.0,121607.0,122422.0,155499.0,160813.0,151644.0,1894340.0,382561.0,906784.0,505584.0,1080744.0,392209.0,163721.0,87027.0,45637.0,04000US12,spacecoast
184079.0,105248.0,64127.0,268.0,76.0,186.0,339.0,527.0,526.0,1029.0,546.0,7070.0,2236.0,6793.0,4331.0,11721.0,5754.0,2284.0,1871.0,38865.0,16000US1270600,tallahassee
343677.0,218593.0,90575.0,1072.0,1054.0,1805.0,1855.0,1729.0,2436.0,3015.0,2548.0,30406.0,5340.0,12910.0,8172.0,21192.0,8557.0,4240.0,1920.0,41524.0,16000US1271000,tampa
19081930.0,14568707.0,3050618.0,85845.0,55567.0,110017.0,121607.0,122422.0,155499.0,160813.0,151644.0,1894340.0,382561.0,906784.0,505584.0,1080744.0,392209.0,163721.0,87027.0,45637.0,04000US12,treasurecoast
100940.0,63923.0,30652.0,526.0,670.0,1150.0,624.0,408.0,766.0,536.0,814.0,8266.0,2040.0,5187.0,2208.0,6770.0,2294.0,1486.0,664.0,42843.0,16000US1276600,westpalmbeach
77546.0,19150.0,55701.0,416.0,187.0,147.0,782.0,377.0,1235.0,1474.0,806.0,6609.0,1430.0,3423.0,915.0,2187.0,550.0,277.0,260.0,27400.0,16000US1301052,albanyga
9815725.0,5948579.0,3016117.0,39497.0,26950.0,52104.0,68531.0,75502.0,92941.0,93149.0,51998.0,890559.0,158947.0,453616.0,180469.0,536631.0,188848.0,65021.0,39960.0,47642.0,04000US13,athensga
432752.0,170129.0,231265.0,1335.0,700.0,1149.0,2099.0,2016.0,3154.0,4503.0,1839.0,29150.0,4266.0,18984.0,5176.0,40419.0,16572.0,8007.0,2953.0,44784.0,16000US1304000,atlanta
9815725.0,5948579.0,3016117.0,39497.0,26950.0,52104.0,68531.0,75502.0,92941.0,93149.0,51998.0,890559.0,158947.0,453616.0,180469.0,536631.0,188848.0,65021.0,39960.0,47642.0,04000US13,augusta
194276.0,90317.0,87353.0,798.0,389.0,801.0,1157.0,966.0,1759.0,2064.0,1232.0,15273.0,3841.0,10961.0,3289.0,8252.0,2576.0,1301.0,714.0,39113.0,16000US1319000,columbusga
91675.0,26785.0,61313.0,272.0,158.0,451.0,811.0,895.0,1327.0,1560.0,632.0,8681.0,1241.0,3317.0,792.0,1990.0,822.0,585.0,265.0,24847.0,16000US1349000,macon
9815725.0,5948579.0,3016117.0,39497.0,26950.0,52104.0,68531.0,75502.0,92941.0,93149.0,51998.0,890559.0,158947.0,453616.0,180469.0,536631.0,188848.0,65021.0,39960.0,47642.0,04000US13,nwga
139667.0,57047.0,75557.0,648.0,243.0,500.0,705.0,1124.0,1253.0,1808.0,1011.0,12815.0,2112.0,6531.0,2053.0,5892.0,1987.0,799.0,451.0,34832.0,16000US1369000,savannah
29239.0,15608.0,11528.0,38.0,7.0,123.0,141.0,14.0,189.0,190.0,62.0,1111.0,207.0,1118.0,400.0,570.0,257.0,61.0,238.0,20358.0,16000US1373256,statesboro
56216.0,23634.0,28443.0,81.0,231.0,121.0,291.0,313.0,547.0,583.0,378.0,4325.0,699.0,2672.0,636.0,1916.0,860.0,319.0,321.0,28397.0,16000US1378800,valdosta
1378239.0,341913.0,23803.0,4378.0,2368.0,5761.0,4972.0,4038.0,6034.0,7345.0,7133.0,136884.0,23960.0,83183.0,44801.0,86771.0,27202.0,11941.0,6673.0,65087.0,04000US15,bigisland
966405.0,204386.0,21563.0,3455.0,1507.0,3727.0,3221.0,2821.0,3713.0,4217.0,4613.0,89773.0,16761.0,56491.0,31771.0,64470.0,20760.0,9057.0,5220.0,70541.0,05000US15003,honolulu
67815.0,22591.0,,204.0,196.0,310.0,248.0,182.0,169.0,409.0,312.0,7237.0,997.0,4893.0,2623.0,3803.0,1010.0,659.0,217.0,60332.0,05000US15007,kauai
156670.0,54263.0,,451.0,275.0,880.0,619.0,497.0,1122.0,976.0,1135.0,18375.0,3132.0,9890.0,4084.0,9120.0,2476.0,980.0,334.0,61383.0,05000US15009,maui
1128079.0,1033423.0,7782.0,3259.0,1849.0,4150.0,4723.0,4491.0,6977.0,6347.0,4970.0,87182.0,26212.0,61962.0,29061.0,62611.0,21883.0,7137.0,5430.0,44142.0,04001US16,eastidaho
32204.0,30414.0,,125.0,22.0,46.0,190.0,104.0,158.0,204.0,227.0,3507.0,852.0,2039.0,1011.0,1303.0,540.0,174.0,120.0,43842.0,16000US1646540,lewiston
44845.0,40436.0,,240.0,156.0,196.0,167.0,313.0,349.0,444.0,393.0,3515.0,819.0,2435.0,1438.0,2000.0,366.0,135.0,84.0,40544.0,16000US1682810,twinfalls
77196.0,59809.0,8850.0,65.0,0.0,100.0,259.0,176.0,232.0,358.0,266.0,4588.0,1343.0,3814.0,1569.0,7661.0,2470.0,500.0,339.0,60319.0,16000US1706613,bloomington
25583.0,16174.0,6574.0,48.0,0.0,37.0,13.0,16.0,11.0,78.0,95.0,978.0,74.0,1226.0,372.0,1204.0,860.0,30.0,331.0,17444.0,16000US1711163,carbondale
12858490.0,9330549.0,1864183.0,46568.0,26924.0,76571.0,85206.0,60843.0,78932.0,87699.0,83850.0,1136660.0,257389.0,603162.0,272285.0,785937.0,319425.0,109952.0,57905.0,55231.0,04000US17,chambana
2705981.0,1289818.0,879617.0,15402.0,11806.0,31224.0,25489.0,19127.0,20591.0,24020.0,21926.0,205545.0,33424.0,120385.0,41575.0,169529.0,68375.0,29520.0,13023.0,45483.0,16000US1714000,chicago
76080.0,54476.0,17656.0,251.0,12.0,47.0,404.0,536.0,689.0,878.0,547.0,8075.0,2082.0,3404.0,1448.0,3254.0,1141.0,330.0,233.0,38878.0,16000US1718823,decatur
113423.0,107418.0,2864.0,169.0,40.0,251.0,786.0,445.0,1198.0,1181.0,816.0,14786.0,3743.0,6269.0,3220.0,3862.0,1107.0,380.0,208.0,49754.0,05000US17099,lasalle
114398.0,72454.0,31713.0,119.0,69.0,236.0,686.0,810.0,639.0,796.0,661.0,8783.0,1904.0,5239.0,1952.0,6711.0,3501.0,1281.0,569.0,44061.0,16000US1759000,peoria
152235.0,103907.0,32414.0,863.0,361.0,778.0,1177.0,1129.0,1180.0,2146.0,1184.0,15794.0,3051.0,5893.0,3111.0,5512.0,2343.0,1290.0,349.0,36870.0,16000US1765000,rockford
116824.0,88483.0,22344.0,318.0,75.0,143.0,679.0,485.0,1063.0,831.0,472.0,8904.0,2280.0,5352.0,2841.0,8201.0,3259.0,1356.0,499.0,46615.0,16000US1772000,springfieldil
12858490.0,9330549.0,1864183.0,46568.0,26924.0,76571.0,85206.0,60843.0,78932.0,87699.0,83850.0,1136660.0,257389.0,603162.0,272285.0,785937.0,319425.0,109952.0,57905.0,55231.0,04000US17,quincy
80127.0,65898.0,,83.0,5.0,53.0,231.0,300.0,303.0,191.0,134.0,2428.0,750.0,2569.0,823.0,4765.0,2892.0,386.0,2029.0,26925.0,16000US1805860,bloomingtonin
120386.0,99677.0,14491.0,294.0,44.0,272.0,650.0,616.0,1317.0,1224.0,868.0,13948.0,2495.0,6984.0,2224.0,4227.0,1284.0,528.0,325.0,35282.0,16000US1822000,evansville
6514516.0,5515975.0,589237.0,19771.0,6865.0,16656.0,46767.0,36595.0,54043.0,55856.0,36213.0,737832.0,135417.0,287171.0,143568.0,305349.0,110797.0,34794.0,26004.0,47185.0,04000US18,fortwayne
6514516.0,5515975.0,589237.0,19771.0,6865.0,16656.0,46767.0,36595.0,54043.0,55856.0,36213.0,737832.0,135417.0,287171.0,143568.0,305349.0,110797.0,34794.0,26004.0,47185.0,04000US18,indianapolis
56431.0,47788.0,5647.0,121.0,12.0,65.0,537.0,245.0,519.0,596.0,182.0,7026.0,1244.0,2924.0,1561.0,2081.0,695.0,99.0,134.0,33598.0,16000US1840392,kokomo
66822.0,58340.0,4433.0,215.0,146.0,439.0,365.0,501.0,355.0,621.0,226.0,6506.0,1287.0,2824.0,1460.0,3606.0,1158.0,257.0,260.0,38225.0,16000US1840788,tippecanoe
69830.0,58621.0,5295.0,224.0,35.0,134.0,468.0,354.0,774.0,609.0,383.0,6056.0,1449.0,2405.0,853.0,1663.0,1204.0,213.0,653.0,28975.0,16000US1851876,muncie
36587.0,30957.0,1935.0,166.0,67.0,40.0,222.0,454.0,427.0,364.0,254.0,4547.0,668.0,1289.0,871.0,832.0,628.0,149.0,105.0,28492.0,16000US1864260,richmondin
99803.0,62711.0,27609.0,405.0,123.0,256.0,460.0,626.0,1067.0,1223.0,811.0,8968.0,1860.0,4804.0,1824.0,3849.0,1877.0,633.0,735.0,33420.0,16000US1871000,southbend
61181.0,51359.0,6322.0,272.0,0.0,126.0,396.0,444.0,748.0,739.0,479.0,6786.0,1382.0,2842.0,1505.0,1836.0,770.0,172.0,649.0,31989.0,16000US1875428,terrehaute
59941.0,50694.0,,5.0,0.0,0.0,68.0,68.0,56.0,58.0,24.0,1276.0,449.0,1741.0,790.0,4734.0,2143.0,447.0,1671.0,40945.0,16000US1901855,ames
127503.0,111590.0,7940.0,355.0,39.0,72.0,514.0,298.0,626.0,769.0,603.0,10440.0,3237.0,6467.0,3952.0,8345.0,2769.0,900.0,411.0,52455.0,16000US1912000,cedarrapids
205622.0,160091.0,21646.0,604.0,312.0,1262.0,1045.0,1191.0,1308.0,1852.0,1084.0,21430.0,4282.0,9299.0,4814.0,11014.0,2698.0,1149.0,503.0,44292.0,16000US1921000,desmoines
57908.0,53207.0,,80.0,13.0,50.0,444.0,234.0,344.0,288.0,370.0,6373.0,1000.0,2579.0,1316.0,3562.0,1101.0,418.0,202.0,44737.0,16000US1922395,dubuque
24966.0,22190.0,,40.0,41.0,70.0,298.0,202.0,155.0,334.0,178.0,2748.0,634.0,1199.0,844.0,906.0,478.0,194.0,28.0,36331.0,16000US1928515,fortdodge
69103.0,56381.0,3841.0,46.0,9.0,35.0,139.0,156.0,131.0,140.0,139.0,2489.0,635.0,2735.0,956.0,4409.0,2696.0,1341.0,1724.0,41412.0,16000US1938595,iowacity
27959.0,26360.0,,153.0,11.0,52.0,131.0,55.0,127.0,210.0,0.0,3144.0,1020.0,1078.0,1396.0,1140.0,314.0,197.0,45.0,40318.0,16000US1950160,masoncity
24887.0,22794.0,,125.0,24.0,123.0,237.0,218.0,192.0,295.0,131.0,3013.0,520.0,1006.0,537.0,807.0,322.0,134.0,60.0,35879.0,16000US1960465,ottumwa
3062869.0,2801934.0,91807.0,6747.0,2912.0,7101.0,21116.0,11077.0,15166.0,19187.0,13251.0,339794.0,71155.0,136497.0,92915.0,167898.0,50391.0,20220.0,11735.0,50773.0,04000US19,quadcities
82828.0,66295.0,2785.0,420.0,480.0,332.0,599.0,742.0,671.0,604.0,357.0,8071.0,2120.0,3905.0,1565.0,3566.0,1218.0,495.0,94.0,41408.0,16000US1973335,siouxcity
68361.0,53970.0,10297.0,368.0,91.0,234.0,619.0,349.0,520.0,761.0,653.0,8178.0,1369.0,2519.0,1776.0,3215.0,626.0,341.0,34.0,41492.0,16000US1982425,waterloo
88791.0,73557.0,3871.0,75.0,0.0,141.0,113.0,280.0,175.0,522.0,139.0,3638.0,1119.0,3814.0,1099.0,6115.0,3219.0,1031.0,1595.0,45514.0,16000US2038900,lawrence
54162.0,45002.0,3423.0,31.0,0.0,0.0,56.0,97.0,209.0,50.0,73.0,2084.0,395.0,2275.0,698.0,3375.0,1918.0,326.0,1184.0,42950.0,16000US2044250,manhattanks
48637.0,42448.0,,72.0,108.0,249.0,152.0,304.0,162.0,588.0,167.0,5161.0,1384.0,2456.0,736.0,2191.0,882.0,378.0,141.0,42116.0,16000US2062700,salina
127895.0,96926.0,14173.0,507.0,285.0,387.0,613.0,772.0,793.0,691.0,796.0,12746.0,2921.0,5194.0,2726.0,6497.0,2684.0,1242.0,353.0,39118.0,16000US2071000,topeka
384025.0,287618.0,41960.0,1122.0,1093.0,1948.0,1894.0,2307.0,2488.0,2699.0,2567.0,32032.0,9826.0,21233.0,6721.0,22200.0,7148.0,2334.0,1480.0,44612.0,16000US2079000,wichita
59707.0,43717.0,8925.0,160.0,194.0,538.0,381.0,245.0,322.0,414.0,258.0,4400.0,889.0,3073.0,591.0,2100.0,921.0,306.0,494.0,31272.0,16000US2108902,bowlinggreen
4364627.0,3838351.0,344032.0,16787.0,10721.0,18730.0,65008.0,35450.0,44964.0,42307.0,23339.0,505305.0,87123.0,190082.0,76575.0,178502.0,69955.0,26844.0,15834.0,41782.0,04000US21,eastky
4364627.0,3838351.0,344032.0,16787.0,10721.0,18730.0,65008.0,35450.0,44964.0,42307.0,23339.0,505305.0,87123.0,190082.0,76575.0,178502.0,69955.0,26844.0,15834.0,41782.0,04000US21,lexington
4364627.0,3838351.0,344032.0,16787.0,10721.0,18730.0,65008.0,35450.0,44964.0,42307.0,23339.0,505305.0,87123.0,190082.0,76575.0,178502.0,69955.0,26844.0,15834.0,41782.0,04000US21,louisville
57763.0,50965.0,4360.0,163.0,9.0,99.0,267.0,303.0,499.0,810.0,239.0,7035.0,1105.0,2165.0,1287.0,2143.0,994.0,328.0,193.0,37654.0,16000US2158620,owensboro
4364627.0,3838351.0,344032.0,16787.0,10721.0,18730.0,65008.0,35450.0,44964.0,42307.0,23339.0,505305.0,87123.0,190082.0,76575.0,178502.0,69955.0,26844.0,15834.0,41782.0,04000US21,westky
48217.0,17182.0,29399.0,468.0,23.0,206.0,696.0,289.0,439.0,520.0,163.0,4978.0,613.0,2257.0,410.0,1796.0,438.0,408.0,240.0,35001.0,16000US2200975,alexandria
229572.0,90784.0,125201.0,800.0,278.0,743.0,957.0,987.0,2409.0,3306.0,1144.0,16535.0,3086.0,9867.0,2620.0,12593.0,4154.0,2207.0,2247.0,37419.0,16000US2205000,batonrouge
33700.0,22178.0,8199.0,351.0,137.0,424.0,751.0,341.0,532.0,305.0,245.0,3382.0,781.0,1367.0,460.0,928.0,361.0,221.0,154.0,45869.0,16000US2236255,houma
121744.0,78772.0,37393.0,597.0,119.0,248.0,628.0,548.0,868.0,967.0,552.0,9099.0,1816.0,6340.0,1737.0,8291.0,2204.0,1377.0,682.0,43928.0,16000US2240735,lafayette
72741.0,34508.0,34438.0,207.0,96.0,270.0,552.0,609.0,779.0,859.0,267.0,7215.0,1116.0,3543.0,1378.0,3288.0,802.0,271.0,470.0,33836.0,16000US2241155,lakecharles
49013.0,15903.0,31504.0,308.0,82.0,284.0,215.0,520.0,276.0,698.0,167.0,3768.0,546.0,2169.0,390.0,1964.0,756.0,476.0,245.0,27122.0,16000US2251410,monroe
359130.0,120233.0,215550.0,1927.0,1060.0,1360.0,2715.0,2066.0,2876.0,4977.0,2600.0,29368.0,4459.0,19836.0,3880.0,20938.0,7175.0,5694.0,2963.0,36004.0,16000US2255000,neworleans
201332.0,83176.0,109913.0,416.0,340.0,541.0,1221.0,790.0,1990.0,2572.0,1341.0,19337.0,2718.0,9630.0,2739.0,9206.0,3271.0,1883.0,888.0,37531.0,16000US2270000,shreveport
38577.0,23526.0,10367.0,124.0,75.0,373.0,180.0,79.0,451.0,261.0,234.0,2891.0,765.0,1648.0,504.0,2681.0,1602.0,350.0,376.0,71082.0,16000US2401600,annapolis
620843.0,186716.0,393657.0,2623.0,1263.0,3287.0,6709.0,6088.0,7971.0,8739.0,4849.0,57060.0,9617.0,25032.0,6546.0,27195.0,12313.0,5445.0,3988.0,39788.0,16000US2404000,baltimore
749950.0,654576.0,66958.0,1847.0,746.0,1564.0,5150.0,4049.0,6712.0,6612.0,4003.0,91553.0,16609.0,32417.0,14250.0,42520.0,20167.0,6131.0,4951.0,78668.0,04043US24,cumberlandvalley
749950.0,654576.0,66958.0,1847.0,746.0,1564.0,5150.0,4049.0,6712.0,6612.0,4003.0,91553.0,16609.0,32417.0,14250.0,42520.0,20167.0,6131.0,4951.0,78668.0,04043US24,easternshore
65905.0,44469.0,11639.0,359.0,75.0,670.0,168.0,363.0,419.0,436.0,432.0,4690.0,1129.0,3308.0,1286.0,4877.0,2085.0,419.0,601.0,65070.0,16000US2430325,frederick
749950.0,654576.0,66958.0,1847.0,746.0,1564.0,5150.0,4049.0,6712.0,6612.0,4003.0,91553.0,16609.0,32417.0,14250.0,42520.0,20167.0,6131.0,4951.0,78668.0,04043US24,westernmaryland
303714.0,245398.0,7945.0,3034.0,9041.0,6820.0,7398.0,5990.0,2518.0,2879.0,886.0,27604.0,462.0,9911.0,6967.0,10064.0,2096.0,762.0,521.0,15184.0,31000US10380,capecod
303714.0,245398.0,7945.0,3034.0,9041.0,6820.0,7398.0,5990.0,2518.0,2879.0,886.0,27604.0,462.0,9911.0,6967.0,10064.0,2096.0,762.0,521.0,15184.0,31000US10380,southcoast
115124.0,85133.0,7687.0,50.0,78.0,129.0,159.0,42.0,235.0,327.0,438.0,2596.0,1180.0,3329.0,1318.0,9015.0,6644.0,2406.0,3877.0,53351.0,16000US2603000,annarbor
52112.0,37726.0,9293.0,129.0,50.0,137.0,238.0,212.0,293.0,667.0,179.0,5278.0,1396.0,2554.0,786.0,2213.0,905.0,317.0,199.0,36051.0,16000US2605920,battlecreek
9879277.0,7835838.0,1387599.0,34061.0,9139.0,18865.0,49920.0,42921.0,74629.0,87624.0,55350.0,985126.0,239334.0,519076.0,230289.0,498786.0,213946.0,66786.0,41443.0,47175.0,04000US26,centralmich
706522.0,85614.0,577270.0,4243.0,1654.0,3797.0,5380.0,5067.0,10005.0,14375.0,6247.0,72807.0,12553.0,34384.0,9304.0,12207.0,5327.0,1612.0,1053.0,25576.0,16000US2622000,detroit
101423.0,39965.0,56147.0,428.0,58.0,176.0,485.0,924.0,1055.0,1252.0,739.0,12507.0,2214.0,5218.0,1443.0,2005.0,649.0,131.0,58.0,24758.0,16000US2629000,flint
189162.0,130933.0,39816.0,948.0,648.0,1239.0,1082.0,1018.0,1503.0,2076.0,952.0,13677.0,3314.0,9477.0,3464.0,9978.0,3499.0,1320.0,794.0,37791.0,16000US2634000,grandrapids
33449.0,23737.0,7647.0,37.0,29.0,65.0,271.0,266.0,378.0,383.0,79.0,3080.0,902.0,1726.0,645.0,819.0,189.0,109.0,12.0,26586.0,16000US2641420,jacksonmi
74689.0,52894.0,16201.0,113.0,29.0,113.0,406.0,248.0,446.0,422.0,243.0,4005.0,1567.0,4028.0,1155.0,3350.0,1254.0,398.0,633.0,31109.0,16000US2642160,kalamazoo
113594.0,70092.0,25035.0,615.0,214.0,382.0,566.0,317.0,818.0,1544.0,460.0,8213.0,3220.0,6392.0,2810.0,5033.0,1985.0,524.0,425.0,34420.0,16000US2646000,lansing
20631.0,18868.0,,84.0,22.0,0.0,98.0,97.0,91.0,190.0,82.0,2243.0,619.0,1007.0,593.0,653.0,155.0,95.0,116.0,43311.0,16000US2655020,monroemi
37431.0,21555.0,12156.0,264.0,114.0,46.0,559.0,300.0,360.0,637.0,181.0,5515.0,887.0,1605.0,848.0,951.0,222.0,84.0,45.0,25531.0,16000US2656320,muskegon
9879277.0,7835838.0,1387599.0,34061.0,9139.0,18865.0,49920.0,42921.0,74629.0,87624.0,55350.0,985126.0,239334.0,519076.0,230289.0,498786.0,213946.0,66786.0,41443.0,47175.0,04000US26,northernmichigan
29893.0,25144.0,2769.0,119.0,27.0,13.0,77.0,203.0,205.0,439.0,227.0,3656.0,874.0,1623.0,706.0,780.0,414.0,97.0,44.0,31527.0,16000US2665820,porthuron
51087.0,24051.0,23038.0,311.0,66.0,178.0,248.0,577.0,800.0,828.0,489.0,5904.0,1157.0,1862.0,811.0,869.0,161.0,52.0,51.0,27630.0,16000US2670520,saginaw
9879277.0,7835838.0,1387599.0,34061.0,9139.0,18865.0,49920.0,42921.0,74629.0,87624.0,55350.0,985126.0,239334.0,519076.0,230289.0,498786.0,213946.0,66786.0,41443.0,47175.0,04000US26,swmi
9879277.0,7835838.0,1387599.0,34061.0,9139.0,18865.0,49920.0,42921.0,74629.0,87624.0,55350.0,985126.0,239334.0,519076.0,230289.0,498786.0,213946.0,66786.0,41443.0,47175.0,04000US26,up
86221.0,78652.0,2178.0,168.0,16.0,19.0,364.0,302.0,350.0,373.0,250.0,6257.0,1815.0,4828.0,2520.0,5432.0,1418.0,969.0,558.0,40606.0,16000US2717000,duluth
39707.0,35644.0,,57.0,96.0,27.0,76.0,84.0,150.0,113.0,124.0,2550.0,591.0,1921.0,802.0,2240.0,670.0,257.0,254.0,40309.0,16000US2739878,mankato
5345721.0,4582631.0,280757.0,14152.0,4903.0,9840.0,26967.0,16198.0,22731.0,27333.0,24311.0,483169.0,109598.0,272622.0,167858.0,376560.0,118428.0,44241.0,25237.0,58434.0,04000US27,minneapolis
108024.0,89377.0,6777.0,232.0,68.0,71.0,414.0,347.0,485.0,447.0,487.0,7550.0,2146.0,4672.0,3849.0,8061.0,3307.0,1975.0,974.0,61547.0,16000US2754880,rochestermn
65838.0,55206.0,5559.0,199.0,54.0,13.0,544.0,61.0,273.0,338.0,490.0,5029.0,1659.0,3750.0,2017.0,3104.0,1148.0,489.0,450.0,42140.0,16000US2756896,stcloud
44288.0,31472.0,8265.0,45.0,110.0,603.0,190.0,245.0,234.0,456.0,158.0,3717.0,1177.0,2148.0,1646.0,2151.0,824.0,249.0,208.0,37826.0,16000US2806220,biloxi
47239.0,20185.0,25356.0,155.0,28.0,276.0,198.0,620.0,442.0,402.0,464.0,2794.0,567.0,2053.0,662.0,2126.0,923.0,368.0,460.0,24064.0,16000US2831020,hattiesburg
174706.0,32291.0,139334.0,590.0,211.0,227.0,980.0,851.0,1815.0,1836.0,1476.0,13885.0,2215.0,10152.0,2195.0,6205.0,1912.0,1733.0,612.0,32232.0,16000US2836000,jackson
40998.0,14602.0,25103.0,171.0,74.0,229.0,217.0,210.0,450.0,514.0,462.0,3261.0,605.0,1860.0,895.0,1613.0,615.0,208.0,134.0,28137.0,16000US2846640,meridian
2977179.0,1769848.0,1112470.0,14275.0,6805.0,12928.0,29713.0,24246.0,38117.0,39551.0,20291.0,286911.0,46983.0,151028.0,62844.0,108354.0,36695.0,14656.0,10628.0,37792.0,04000US28,northmiss
6009025.0,4983458.0,693114.0,14986.0,5408.0,12091.0,46089.0,31191.0,51335.0,54546.0,32416.0,624399.0,134679.0,292487.0,123136.0,312024.0,119543.0,40583.0,26824.0,46068.0,04000US29,columbiamo
51822.0,45609.0,,118.0,0.0,14.0,380.0,359.0,508.0,532.0,334.0,4890.0,1231.0,2560.0,1116.0,2124.0,826.0,355.0,354.0,36348.0,16000US2937592,joplin
462292.0,273962.0,135508.0,1422.0,425.0,1834.0,2024.0,2518.0,3273.0,4064.0,2906.0,38255.0,9024.0,23589.0,9416.0,28925.0,11001.0,4224.0,1711.0,44277.0,16000US2938000,kc
6009025.0,4983458.0,693114.0,14986.0,5408.0,12091.0,46089.0,31191.0,51335.0,54546.0,32416.0,624399.0,134679.0,292487.0,123136.0,312024.0,119543.0,40583.0,26824.0,46068.0,04000US29,loz
6009025.0,4983458.0,693114.0,14986.0,5408.0,12091.0,46089.0,31191.0,51335.0,54546.0,32416.0,624399.0,134679.0,292487.0,123136.0,312024.0,119543.0,40583.0,26824.0,46068.0,04000US29,semo
160748.0,142910.0,6375.0,346.0,156.0,369.0,702.0,759.0,1773.0,1379.0,737.0,13946.0,4091.0,8446.0,2903.0,8300.0,2423.0,1194.0,911.0,32359.0,16000US2970000,springfieldmo
76953.0,67305.0,4032.0,392.0,72.0,112.0,799.0,678.0,717.0,769.0,380.0,9222.0,1668.0,3972.0,1098.0,2816.0,1000.0,444.0,266.0,40742.0,16000US2964550,stjoseph
318612.0,143008.0,154965.0,1547.0,406.0,1014.0,2656.0,2006.0,3036.0,4206.0,2870.0,26084.0,5586.0,16726.0,5712.0,17238.0,7331.0,2844.0,2104.0,33299.0,16000US2965000,stlouis
105648.0,94681.0,,143.0,43.0,96.0,437.0,365.0,391.0,439.0,601.0,10419.0,2323.0,5850.0,2275.0,7672.0,1833.0,1037.0,493.0,46655.0,16000US3006550,billings
38022.0,35196.0,,0.0,0.0,0.0,55.0,22.0,67.0,71.0,110.0,1424.0,541.0,2105.0,626.0,3779.0,1285.0,237.0,622.0,44106.0,16000US3008950,bozeman
997852.0,893164.0,4621.0,1257.0,429.0,901.0,5905.0,3757.0,5172.0,6183.0,4692.0,105053.0,21569.0,60746.0,24714.0,64068.0,19130.0,7508.0,5266.0,45072.0,04000US30,butte
58876.0,51797.0,,66.0,0.0,29.0,426.0,303.0,287.0,522.0,330.0,5948.0,1447.0,3438.0,1819.0,3249.0,686.0,507.0,50.0,42171.0,16000US3032800,greatfalls
28722.0,27042.0,,79.0,0.0,35.0,99.0,78.0,131.0,46.0,88.0,1499.0,582.0,1567.0,460.0,2469.0,1268.0,459.0,274.0,49635.0,16000US3035600,helena
20227.0,19111.0,,51.0,0.0,5.0,62.0,0.0,48.0,121.0,69.0,1527.0,492.0,1134.0,323.0,1221.0,534.0,46.0,27.0,38340.0,16000US3040075,kalispell
67643.0,62447.0,,43.0,18.0,1.0,85.0,109.0,155.0,93.0,215.0,4312.0,1080.0,4736.0,1479.0,5375.0,2167.0,855.0,764.0,40369.0,16000US3050200,missoula
49317.0,45324.0,,305.0,459.0,483.0,228.0,527.0,328.0,474.0,314.0,5501.0,1068.0,2152.0,1189.0,1673.0,350.0,284.0,106.0,43249.0,16000US3119595,grandisland
262214.0,230330.0,10438.0,666.0,137.0,669.0,491.0,653.0,671.0,1115.0,826.0,19104.0,5537.0,13195.0,8692.0,17361.0,5505.0,2203.0,3037.0,48295.0,16000US3128000,lincoln
24642.0,23051.0,,69.0,232.0,0.0,175.0,27.0,145.0,109.0,17.0,2822.0,876.0,1278.0,675.0,868.0,223.0,73.0,34.0,42264.0,16000US3135000,northplatte
416374.0,315436.0,54523.0,2181.0,1567.0,1642.0,2821.0,1908.0,2427.0,2771.0,2421.0,29605.0,8828.0,22764.0,8028.0,28025.0,8369.0,3747.0,2178.0,46202.0,16000US3137000,omaha
589541.0,400544.0,63972.0,2871.0,2036.0,5814.0,3493.0,5001.0,3494.0,5164.0,5202.0,56297.0,12719.0,35395.0,13895.0,26907.0,8929.0,3560.0,1859.0,49726.0,16000US3240000,lasvegas
228658.0,180391.0,7364.0,535.0,943.0,1467.0,1611.0,1575.0,1460.0,2256.0,1250.0,18232.0,4363.0,14472.0,4364.0,13084.0,4392.0,2147.0,1812.0,44318.0,16000US3260600,reno
8834249.0,6111522.0,1191729.0,33507.0,23585.0,45687.0,53235.0,37852.0,51004.0,51465.0,51182.0,816922.0,140153.0,355556.0,150122.0,638156.0,266739.0,86609.0,54989.0,70062.0,04000US34,centraljersey
8834249.0,6111522.0,1191729.0,33507.0,23585.0,45687.0,53235.0,37852.0,51004.0,51465.0,51182.0,816922.0,140153.0,355556.0,150122.0,638156.0,266739.0,86609.0,54989.0,70062.0,04000US34,jerseyshore
8834249.0,6111522.0,1191729.0,33507.0,23585.0,45687.0,53235.0,37852.0,51004.0,51465.0,51182.0,816922.0,140153.0,355556.0,150122.0,638156.0,266739.0,86609.0,54989.0,70062.0,04000US34,northjersey
8834249.0,6111522.0,1191729.0,33507.0,23585.0,45687.0,53235.0,37852.0,51004.0,51465.0,51182.0,816922.0,140153.0,355556.0,150122.0,638156.0,266739.0,86609.0,54989.0,70062.0,04000US34,southjersey
551597.0,382530.0,18424.0,1725.0,1272.0,3256.0,2284.0,2567.0,2817.0,2767.0,3714.0,39488.0,9471.0,31894.0,12323.0,32587.0,16381.0,5052.0,5358.0,46060.0,16000US3502000,albuquerque
2076325.0,1501984.0,42386.0,9148.0,8896.0,16820.0,14361.0,13981.0,18513.0,19877.0,12424.0,180295.0,37377.0,113430.0,43764.0,94468.0,45639.0,12962.0,15435.0,43518.0,04000US35,clovis
45798.0,30172.0,,97.0,22.0,148.0,202.0,260.0,229.0,696.0,382.0,4277.0,915.0,2388.0,1312.0,2011.0,864.0,316.0,110.0,53778.0,16000US3525800,farmington
99754.0,88682.0,,529.0,390.0,575.0,514.0,844.0,557.0,857.0,524.0,6031.0,2044.0,5546.0,1990.0,5352.0,2771.0,473.0,803.0,39319.0,16000US3539380,lascruces
2076325.0,1501984.0,42386.0,9148.0,8896.0,16820.0,14361.0,13981.0,18513.0,19877.0,12424.0,180295.0,37377.0,113430.0,43764.0,94468.0,45639.0,12962.0,15435.0,43518.0,04000US35,roswell
68677.0,59217.0,,267.0,189.0,738.0,356.0,689.0,297.0,473.0,624.0,4284.0,875.0,3436.0,1354.0,4867.0,2701.0,928.0,1086.0,47105.0,16000US3570500,santafe
97843.0,55704.0,30715.0,274.0,160.0,267.0,378.0,272.0,854.0,785.0,458.0,6701.0,1172.0,4265.0,2076.0,5715.0,2929.0,863.0,881.0,40404.0,16000US3601000,albany
46917.0,36753.0,5404.0,140.0,31.0,179.0,365.0,200.0,435.0,425.0,262.0,4705.0,883.0,1608.0,1395.0,1939.0,925.0,293.0,414.0,31098.0,16000US3606607,binghamton
260321.0,130802.0,97896.0,1384.0,559.0,907.0,1568.0,1436.0,2353.0,3145.0,2402.0,22288.0,4246.0,11220.0,5469.0,9960.0,5783.0,1822.0,1246.0,29891.0,16000US3611000,buffalo
19490373.0,12756269.0,3033052.0,100813.0,53725.0,128491.0,137848.0,105137.0,137350.0,143665.0,144230.0,1729265.0,291551.0,763844.0,464727.0,1190942.0,534211.0,205644.0,105409.0,56657.0,04000US36,catskills
29080.0,23121.0,3950.0,43.0,23.0,27.0,207.0,304.0,514.0,797.0,259.0,3550.0,705.0,992.0,753.0,629.0,320.0,120.0,50.0,29028.0,16000US3624229,elmira
19490373.0,12756269.0,3033052.0,100813.0,53725.0,128491.0,137848.0,105137.0,137350.0,143665.0,144230.0,1729265.0,291551.0,763844.0,464727.0,1190942.0,534211.0,205644.0,105409.0,56657.0,04000US36,fingerlakes
19490373.0,12756269.0,3033052.0,100813.0,53725.0,128491.0,137848.0,105137.0,137350.0,143665.0,144230.0,1729265.0,291551.0,763844.0,464727.0,1190942.0,534211.0,205644.0,105409.0,56657.0,04000US36,hudsonvalley
30160.0,21421.0,,31.0,1.0,47.0,61.0,78.0,0.0,26.0,32.0,500.0,137.0,408.0,247.0,1466.0,1093.0,230.0,766.0,27331.0,16000US3638077,ithaca
19490373.0,12756269.0,3033052.0,100813.0,53725.0,128491.0,137848.0,105137.0,137350.0,143665.0,144230.0,1729265.0,291551.0,763844.0,464727.0,1190942.0,534211.0,205644.0,105409.0,56657.0,04000US36,longisland
19844.0,18121.0,,20.0,14.0,14.0,208.0,56.0,59.0,86.0,128.0,1259.0,441.0,931.0,474.0,880.0,459.0,201.0,96.0,32662.0,31200US384603658574,plattsburgh
210548.0,93932.0,86078.0,1169.0,605.0,645.0,1316.0,1626.0,2669.0,3127.0,1592.0,18063.0,3452.0,7634.0,4343.0,9828.0,4124.0,1234.0,583.0,29942.0,16000US3663000,rochester
144575.0,81722.0,42059.0,1003.0,252.0,492.0,1099.0,995.0,1442.0,1429.0,1326.0,10878.0,1934.0,4512.0,3198.0,5799.0,2617.0,909.0,761.0,30299.0,16000US3673000,syracuse
19490373.0,12756269.0,3033052.0,100813.0,53725.0,128491.0,137848.0,105137.0,137350.0,143665.0,144230.0,1729265.0,291551.0,763844.0,464727.0,1190942.0,534211.0,205644.0,105409.0,56657.0,04000US36,twintiers
62006.0,42612.0,8417.0,572.0,386.0,179.0,673.0,337.0,642.0,826.0,374.0,5524.0,1218.0,2457.0,1860.0,2085.0,474.0,153.0,193.0,30457.0,16000US3676540,utica
27454.0,23646.0,,114.0,15.0,43.0,180.0,105.0,236.0,227.0,215.0,3000.0,641.0,1202.0,566.0,1154.0,369.0,162.0,78.0,37229.0,16000US3678608,watertown
956494.0,636640.0,136172.0,3733.0,3236.0,9481.0,5701.0,4771.0,3855.0,4740.0,5408.0,66845.0,10773.0,33439.0,15915.0,69706.0,37018.0,21389.0,8042.0,79887.0,05000US36119,westchester
84661.0,70430.0,10270.0,365.0,35.0,236.0,411.0,733.0,809.0,684.0,339.0,5549.0,1139.0,4371.0,1795.0,7469.0,2177.0,1046.0,519.0,42419.0,16000US3702140,asheville
756725.0,401557.0,263057.0,2583.0,1959.0,5891.0,2804.0,4272.0,4723.0,4646.0,3069.0,49716.0,10258.0,32994.0,12690.0,63947.0,20804.0,6984.0,2496.0,51209.0,16000US3712000,charlotte
9654079.0,6749492.0,2073599.0,42351.0,25843.0,54627.0,76239.0,83866.0,98410.0,90449.0,44519.0,865028.0,180893.0,453891.0,219893.0,526465.0,178467.0,57298.0,45427.0,45215.0,04000US37,easternnc
201334.0,94870.0,81915.0,643.0,161.0,223.0,623.0,700.0,870.0,898.0,419.0,15487.0,4103.0,12614.0,5494.0,8513.0,3485.0,1299.0,758.0,44472.0,16000US3722920,fayettevillenc
273641.0,136204.0,110791.0,1314.0,566.0,1201.0,971.0,1629.0,1893.0,1892.0,1464.0,19844.0,3903.0,13347.0,4772.0,18237.0,6479.0,1897.0,1446.0,40323.0,16000US3728000,greensboro
40126.0,30406.0,5225.0,184.0,33.0,263.0,325.0,253.0,256.0,257.0,151.0,3051.0,550.0,1629.0,714.0,2634.0,965.0,618.0,167.0,40075.0,16000US3731060,hickory
9654079.0,6749492.0,2073599.0,42351.0,25843.0,54627.0,76239.0,83866.0,98410.0,90449.0,44519.0,865028.0,180893.0,453891.0,219893.0,526465.0,178467.0,57298.0,45427.0,45215.0,04000US37,outerbanks
414373.0,252701.0,123541.0,821.0,734.0,3472.0,1582.0,2235.0,1631.0,1688.0,1349.0,20931.0,5556.0,17588.0,8456.0,36908.0,12586.0,3788.0,3136.0,52709.0,16000US3755000,raleigh
108320.0,81547.0,21747.0,358.0,65.0,616.0,394.0,725.0,653.0,801.0,544.0,6721.0,2200.0,4229.0,3000.0,8577.0,2771.0,1028.0,672.0,41554.0,16000US3774440,wilmington
9654079.0,6749492.0,2073599.0,42351.0,25843.0,54627.0,76239.0,83866.0,98410.0,90449.0,44519.0,865028.0,180893.0,453891.0,219893.0,526465.0,178467.0,57298.0,45427.0,45215.0,04000US37,winstonsalem
63075.0,58338.0,,105.0,0.0,40.0,621.0,54.0,236.0,217.0,119.0,5467.0,1481.0,2592.0,3071.0,3995.0,1546.0,516.0,415.0,54099.0,16000US3807200,bismarck
107752.0,97036.0,2542.0,121.0,37.0,18.0,243.0,76.0,293.0,427.0,244.0,6585.0,1826.0,6315.0,3679.0,8124.0,2337.0,1355.0,1007.0,45644.0,16000US3825700,fargo
53023.0,47616.0,,227.0,109.0,25.0,221.0,85.0,109.0,50.0,133.0,3854.0,1000.0,2564.0,1533.0,3101.0,992.0,437.0,478.0,41444.0,16000US3832060,grandforks
42641.0,38508.0,,54.0,0.0,0.0,416.0,25.0,294.0,108.0,60.0,4208.0,693.0,2520.0,1581.0,2577.0,578.0,248.0,156.0,50201.0,16000US3853380,minot
11541175.0,9558840.0,1404531.0,31932.0,8467.0,17557.0,67168.0,54962.0,87784.0,109501.0,67762.0,1310105.0,245786.0,518052.0,243347.0,593388.0,223165.0,75551.0,48321.0,47030.0,04000US39,akroncanton
23623.0,20335.0,,,,,,,,,,,,,,,,,,17986.0,16000US3902736,athensoh
21596.0,19335.0,,106.0,85.0,44.0,50.0,70.0,78.0,461.0,84.0,2701.0,387.0,948.0,679.0,1002.0,282.0,133.0,63.0,37805.0,16000US3914184,chillicothe
296443.0,148643.0,130936.0,938.0,466.0,860.0,1602.0,1889.0,3012.0,3525.0,1819.0,23991.0,4333.0,12030.0,4362.0,15630.0,7380.0,3208.0,1853.0,32591.0,16000US3915000,cincinnati
393288.0,157705.0,207005.0,2346.0,900.0,1131.0,2700.0,3628.0,5458.0,7931.0,3798.0,41940.0,6534.0,20633.0,5799.0,11774.0,3565.0,1468.0,843.0,25819.0,16000US3916000,cleveland
799357.0,496507.0,221271.0,2593.0,954.0,2081.0,3166.0,3810.0,4978.0,6714.0,4216.0,66145.0,13246.0,37668.0,15078.0,54817.0,16733.0,5481.0,4013.0,42491.0,16000US3918000,columbus
141690.0,75534.0,59418.0,788.0,100.0,296.0,1189.0,931.0,1836.0,2415.0,1306.0,14042.0,2785.0,6902.0,2825.0,4277.0,1358.0,419.0,460.0,27278.0,16000US3921000,dayton
11541175.0,9558840.0,1404531.0,31932.0,8467.0,17557.0,67168.0,54962.0,87784.0,109501.0,67762.0,1310105.0,245786.0,518052.0,243347.0,593388.0,223165.0,75551.0,48321.0,47030.0,04000US39,huntingtonoh
11541175.0,9558840.0,1404531.0,31932.0,8467.0,17557.0,67168.0,54962.0,87784.0,109501.0,67762.0,1310105.0,245786.0,518052.0,243347.0,593388.0,223165.0,75551.0,48321.0,47030.0,04000US39,limaoh
47337.0,34281.0,9790.0,112.0,48.0,80.0,313.0,487.0,646.0,1224.0,521.0,6740.0,1343.0,2640.0,1168.0,1395.0,481.0,267.0,142.0,31717.0,16000US3947138,mansfield
25630.0,18497.0,5549.0,256.0,14.0,48.0,159.0,89.0,489.0,510.0,265.0,3388.0,671.0,1330.0,413.0,519.0,348.0,99.0,88.0,32882.0,16000US3970380,sandusky
285532.0,185519.0,76298.0,1119.0,215.0,635.0,1845.0,1893.0,2260.0,3972.0,2190.0,31197.0,6531.0,14468.0,5248.0,9317.0,3069.0,868.0,997.0,32351.0,16000US3977000,toledo
92481.0,89889.0,,202.0,31.0,161.0,1021.0,563.0,607.0,1034.0,566.0,15018.0,1783.0,3584.0,1462.0,3184.0,1111.0,242.0,107.0,42636.0,05000US39157,tuscarawas
66005.0,31446.0,30102.0,403.0,127.0,230.0,600.0,700.0,663.0,1193.0,646.0,8705.0,1315.0,3463.0,967.0,1456.0,521.0,133.0,127.0,23752.0,16000US3988000,youngstown
11541175.0,9558840.0,1404531.0,31932.0,8467.0,17557.0,67168.0,54962.0,87784.0,109501.0,67762.0,1310105.0,245786.0,518052.0,243347.0,593388.0,223165.0,75551.0,48321.0,47030.0,04000US39,zanesville
98075.0,59553.0,19682.0,210.0,90.0,139.0,422.0,377.0,648.0,1043.0,370.0,9696.0,3040.0,5659.0,2060.0,3907.0,1365.0,448.0,471.0,43779.0,16000US4041850,lawton
590292.0,395109.0,85278.0,2353.0,2767.0,5751.0,3605.0,3506.0,4094.0,4779.0,2583.0,47626.0,11516.0,34799.0,10347.0,35471.0,10334.0,4582.0,2066.0,44519.0,16000US4055000,oklahomacity
46143.0,36437.0,,72.0,24.0,119.0,44.0,220.0,13.0,188.0,66.0,1543.0,319.0,1897.0,637.0,2589.0,1439.0,330.0,942.0,32567.0,16000US4070300,stillwater
393124.0,263309.0,60334.0,1504.0,937.0,2875.0,1857.0,2929.0,2395.0,3258.0,2139.0,30909.0,7798.0,19178.0,8544.0,22811.0,7488.0,4487.0,1760.0,40359.0,16000US4075000,tulsa
77887.0,72126.0,,136.0,26.0,33.0,353.0,52.0,357.0,337.0,214.0,4838.0,1936.0,5217.0,2064.0,7061.0,2048.0,1150.0,341.0,49576.0,16000US4105800,bend
54633.0,47223.0,,118.0,28.0,245.0,57.0,126.0,30.0,115.0,48.0,1700.0,577.0,1915.0,861.0,4113.0,1908.0,543.0,1409.0,37382.0,16000US4115800,corvallis
3868598.0,3285689.0,71194.0,12495.0,8045.0,16517.0,18390.0,16932.0,23378.0,28073.0,25062.0,325462.0,98932.0,234016.0,99469.0,237177.0,91014.0,31031.0,22169.0,48525.0,04000US41,eastoregon
157196.0,136209.0,,271.0,152.0,214.0,377.0,461.0,769.0,526.0,859.0,8563.0,3241.0,10202.0,3013.0,10699.0,4569.0,1462.0,1762.0,40435.0,16000US4123850,eugene
20946.0,18267.0,,44.0,0.0,109.0,32.0,89.0,177.0,144.0,124.0,1929.0,565.0,1196.0,424.0,1053.0,365.0,132.0,110.0,29753.0,16000US4139700,klamath
75704.0,68693.0,,180.0,107.0,506.0,439.0,285.0,730.0,459.0,482.0,7529.0,2147.0,4278.0,1625.0,3828.0,1059.0,524.0,255.0,41589.0,16000US4147000,medford
3868598.0,3285689.0,71194.0,12495.0,8045.0,16517.0,18390.0,16932.0,23378.0,28073.0,25062.0,325462.0,98932.0,234016.0,99469.0,237177.0,91014.0,31031.0,22169.0,48525.0,04000US41,oregoncoast
594524.0,460321.0,38084.0,2096.0,1250.0,2476.0,1941.0,2961.0,3154.0,2607.0,3869.0,39020.0,12759.0,36571.0,15107.0,51692.0,20467.0,8799.0,4835.0,49958.0,16000US4159000,portland
21850.0,19978.0,,61.0,63.0,35.0,341.0,48.0,193.0,113.0,75.0,2093.0,948.0,1692.0,739.0,1066.0,352.0,41.0,28.0,42094.0,16000US4163650,roseburg
156155.0,124216.0,,463.0,566.0,1096.0,785.0,559.0,990.0,1512.0,1530.0,12584.0,3916.0,8410.0,3273.0,8289.0,3459.0,1277.0,619.0,45215.0,16000US4164900,salem
118587.0,78789.0,14823.0,535.0,425.0,615.0,1148.0,1049.0,1653.0,1948.0,1086.0,12265.0,1620.0,3677.0,2152.0,3412.0,1272.0,578.0,431.0,34289.0,16000US4202000,allentown
46239.0,43098.0,,132.0,0.0,1.0,176.0,181.0,276.0,691.0,156.0,7567.0,953.0,1330.0,984.0,1748.0,425.0,165.0,74.0,35572.0,16000US4202184,altoona
101419.0,76808.0,16434.0,347.0,119.0,183.0,572.0,386.0,1046.0,836.0,952.0,12264.0,2098.0,3849.0,1696.0,4127.0,951.0,448.0,441.0,31838.0,16000US4224000,erie
49381.0,16734.0,25305.0,278.0,192.0,300.0,198.0,334.0,680.0,901.0,260.0,4295.0,606.0,1840.0,817.0,1819.0,639.0,421.0,148.0,33080.0,16000US4232800,harrisburg
1538211.0,635684.0,664674.0,8480.0,3884.0,6673.0,10409.0,11019.0,16717.0,19834.0,13701.0,162177.0,20623.0,54604.0,19237.0,61624.0,25100.0,12362.0,6847.0,35581.0,16000US4260000,philadelphia
306006.0,203201.0,76836.0,1070.0,199.0,318.0,915.0,825.0,1987.0,2338.0,1358.0,28450.0,4805.0,11372.0,6467.0,18304.0,9033.0,4240.0,4223.0,37280.0,16000US4261000,pittsburgh
12739595.0,10475946.0,1383979.0,39559.0,12856.0,24586.0,77865.0,61719.0,100331.0,102795.0,66780.0,1551971.0,217925.0,463088.0,282010.0,707420.0,280870.0,100893.0,66103.0,51402.0,04000US42,poconos
75951.0,65584.0,4629.0,398.0,153.0,271.0,333.0,380.0,1004.0,694.0,322.0,8856.0,1217.0,2824.0,1453.0,3548.0,861.0,539.0,105.0,36149.0,16000US4269000,scranton
42026.0,34262.0,,41.0,16.0,0.0,39.0,0.0,18.0,6.0,41.0,678.0,183.0,511.0,289.0,1299.0,1395.0,105.0,808.0,23092.0,16000US4273808,pennstate
29438.0,23567.0,4322.0,103.0,9.0,59.0,65.0,85.0,350.0,245.0,178.0,3084.0,549.0,888.0,1045.0,926.0,195.0,212.0,27.0,31452.0,16000US4285312,williamsport
43651.0,22372.0,12042.0,114.0,56.0,351.0,463.0,476.0,902.0,551.0,336.0,5959.0,403.0,944.0,568.0,886.0,285.0,58.0,53.0,29469.0,16000US4287048,york
123226.0,87467.0,31454.0,185.0,159.0,38.0,349.0,246.0,641.0,689.0,353.0,6693.0,1905.0,5185.0,2687.0,11660.0,3373.0,2125.0,1341.0,50602.0,16000US4513330,charleston
130596.0,66340.0,55749.0,268.0,87.0,316.0,857.0,864.0,1172.0,1350.0,754.0,8426.0,1943.0,4816.0,2116.0,8189.0,3475.0,1865.0,890.0,40501.0,16000US4516000,columbia
37328.0,19265.0,17245.0,61.0,87.0,79.0,152.0,208.0,366.0,328.0,106.0,2929.0,649.0,1829.0,977.0,1611.0,972.0,411.0,249.0,41660.0,16000US4525810,florence
59955.0,38340.0,18408.0,208.0,182.0,312.0,308.0,480.0,836.0,427.0,403.0,4136.0,714.0,2567.0,974.0,4609.0,1607.0,1083.0,395.0,39308.0,16000US4530850,greenville
4677636.0,3136198.0,1298533.0,20077.0,12114.0,21123.0,35092.0,37467.0,48409.0,47338.0,29682.0,456525.0,82377.0,213199.0,110908.0,235433.0,83349.0,27763.0,17295.0,43490.0,04000US45,hiltonhead
27708.0,21378.0,2831.0,202.0,229.0,201.0,176.0,129.0,232.0,313.0,144.0,2839.0,418.0,1472.0,508.0,2122.0,592.0,239.0,179.0,33537.0,16000US4549075,myrtlebeach
26443.0,24230.0,,0.0,0.0,0.0,285.0,72.0,62.0,100.0,88.0,2940.0,437.0,1212.0,576.0,1469.0,202.0,210.0,88.0,47910.0,16000US4600100,aberdeen-sd
68912.0,55687.0,,164.0,58.0,228.0,361.0,217.0,490.0,436.0,410.0,5978.0,1372.0,4398.0,1603.0,3964.0,1428.0,552.0,193.0,44382.0,16000US4652980,rapidcity
156997.0,135607.0,7082.0,471.0,0.0,714.0,1071.0,586.0,846.0,846.0,813.0,15543.0,2418.0,7058.0,4375.0,10544.0,3440.0,1040.0,945.0,50295.0,16000US4659020,siouxfalls
169718.0,100470.0,58306.0,1345.0,428.0,729.0,839.0,1114.0,1573.0,1873.0,1027.0,15620.0,3533.0,9094.0,2849.0,8964.0,2905.0,1208.0,759.0,37140.0,16000US4714000,chattanooga
137588.0,91630.0,31713.0,284.0,168.0,589.0,378.0,288.0,624.0,470.0,391.0,11783.0,3685.0,7822.0,2878.0,5861.0,2229.0,330.0,351.0,44760.0,16000US4715160,clarksville
30755.0,28335.0,,52.0,0.0,24.0,125.0,150.0,322.0,172.0,169.0,2961.0,285.0,1363.0,313.0,1679.0,303.0,199.0,299.0,28212.0,16000US4716920,cookeville
180714.0,139636.0,32033.0,646.0,497.0,614.0,1012.0,622.0,1481.0,1196.0,730.0,15307.0,3694.0,6760.0,6197.0,11283.0,3416.0,2183.0,1165.0,32632.0,16000US4740000,knoxville
651363.0,194560.0,410850.0,3006.0,1305.0,3361.0,4505.0,3241.0,6982.0,8313.0,4892.0,62210.0,8571.0,31055.0,8417.0,28264.0,8379.0,4355.0,2248.0,36062.0,16000US4748000,memphis
6404240.0,5004585.0,1071708.0,25609.0,14495.0,25717.0,67032.0,42317.0,61603.0,66637.0,38190.0,698145.0,118195.0,296210.0,108182.0,310515.0,105096.0,39982.0,30507.0,42959.0,04000US47,nashville
6404240.0,5004585.0,1071708.0,25609.0,14495.0,25717.0,67032.0,42317.0,61603.0,66637.0,38190.0,698145.0,118195.0,296210.0,108182.0,310515.0,105096.0,39982.0,30507.0,42959.0,04000US47,tricities
120027.0,96400.0,12311.0,620.0,340.0,362.0,1225.0,1263.0,1168.0,1722.0,412.0,10720.0,3060.0,6241.0,2475.0,5258.0,1571.0,701.0,572.0,41460.0,16000US4801000,abilene
193429.0,160259.0,13181.0,965.0,580.0,1634.0,1673.0,1613.0,1363.0,1504.0,1013.0,15291.0,5212.0,10522.0,4232.0,8753.0,2726.0,1100.0,636.0,45350.0,16000US4803000,amarillo
818236.0,595250.0,64949.0,3655.0,4377.0,8254.0,4049.0,6112.0,3286.0,3808.0,3992.0,42848.0,11318.0,41206.0,13978.0,72905.0,28608.0,8391.0,7927.0,51668.0,16000US4805000,austin
118440.0,51732.0,55055.0,626.0,278.0,861.0,916.0,619.0,936.0,1354.0,469.0,10993.0,2315.0,6351.0,1949.0,5461.0,1588.0,792.0,256.0,37343.0,16000US4807000,beaumont
178045.0,162342.0,,1622.0,1646.0,3281.0,2343.0,2368.0,1891.0,1392.0,1227.0,9937.0,1773.0,6795.0,2702.0,5364.0,1143.0,677.0,507.0,31246.0,16000US4810768,brownsville
95960.0,75892.0,5986.0,102.0,139.0,145.0,228.0,82.0,136.0,145.0,142.0,2200.0,576.0,2862.0,836.0,5081.0,3296.0,501.0,2456.0,30980.0,16000US4815976,collegestation
308497.0,263149.0,13964.0,1735.0,998.0,2309.0,2142.0,2614.0,2884.0,3373.0,1589.0,24896.0,6627.0,18715.0,6470.0,12516.0,4916.0,1559.0,1259.0,46470.0,16000US4817000,corpuschristi
1219879.0,689407.0,298222.0,10625.0,10653.0,24890.0,12328.0,19131.0,9835.0,12501.0,7370.0,85943.0,13084.0,49173.0,16157.0,69382.0,26005.0,13187.0,4841.0,41745.0,16000US4819000,dallas
35612.0,32500.0,,363.0,413.0,769.0,575.0,336.0,329.0,399.0,50.0,2939.0,762.0,1245.0,634.0,1389.0,244.0,64.0,0.0,40307.0,16000US4819792,delrio
117997.0,91063.0,12910.0,209.0,243.0,975.0,594.0,707.0,400.0,486.0,322.0,5356.0,2225.0,6638.0,2268.0,7431.0,2585.0,502.0,1001.0,47695.0,16000US4819972,denton
662707.0,541806.0,22684.0,4944.0,3403.0,8383.0,3557.0,5122.0,3681.0,3999.0,3505.0,46113.0,10557.0,34738.0,13379.0,27530.0,10410.0,3577.0,1860.0,40920.0,16000US4824000,elpaso
761862.0,507066.0,143749.0,4187.0,3299.0,11617.0,4842.0,7953.0,5229.0,6761.0,3321.0,53664.0,12819.0,37178.0,12370.0,38300.0,13060.0,4098.0,2252.0,50129.0,16000US4827000,fortworth
47689.0,34757.0,9130.0,246.0,166.0,329.0,524.0,502.0,571.0,543.0,219.0,4451.0,798.0,2199.0,833.0,2002.0,622.0,657.0,683.0,36232.0,16000US4828068,galveston
2130116.0,1225210.0,496020.0,16732.0,20262.0,43570.0,18855.0,27465.0,16290.0,19046.0,14125.0,148085.0,24602.0,96674.0,28394.0,119948.0,46799.0,18538.0,12913.0,43792.0,16000US4835000,houston
39308.0,26050.0,11445.0,147.0,378.0,345.0,576.0,783.0,643.0,633.0,136.0,5240.0,1600.0,3083.0,536.0,1349.0,494.0,41.0,215.0,27134.0,16000US4835528,huntsvilletx
131639.0,66203.0,43808.0,435.0,104.0,296.0,445.0,230.0,357.0,559.0,310.0,9674.0,4406.0,8266.0,4019.0,4065.0,1325.0,169.0,197.0,45360.0,16000US4839148,killeen
240773.0,225224.0,,2195.0,2181.0,4984.0,2788.0,3668.0,1780.0,1719.0,1433.0,14169.0,2693.0,9695.0,3074.0,7420.0,2256.0,781.0,403.0,36957.0,16000US4841464,laredo
233475.0,180475.0,18786.0,796.0,667.0,830.0,1509.0,1071.0,1689.0,2027.0,1092.0,15706.0,4099.0,11944.0,3355.0,12515.0,4015.0,1655.0,1686.0,42139.0,16000US4845000,lubbock
132720.0,116290.0,,1105.0,1002.0,2087.0,1179.0,990.0,578.0,692.0,829.0,8030.0,1459.0,7136.0,2214.0,7676.0,1953.0,1142.0,315.0,41375.0,16000US4845384,mcallen
25644550.0,19116593.0,3030320.0,145761.0,133825.0,283523.0,193669.0,239088.0,183576.0,211914.0,136959.0,1989148.0,454406.0,1282738.0,476953.0,1362653.0,485164.0,146117.0,103943.0,50776.0,04000US48,arlington
103063.0,86790.0,5813.0,764.0,940.0,1066.0,901.0,992.0,1098.0,1183.0,734.0,8784.0,1957.0,5249.0,1528.0,3300.0,746.0,400.0,182.0,50731.0,16000US4853388,odessa
1358143.0,1020761.0,90907.0,9804.0,5733.0,14123.0,9774.0,11331.0,10662.0,10398.0,8093.0,99742.0,24478.0,69498.0,28102.0,62411.0,23042.0,9180.0,5095.0,45074.0,16000US4865000,sanantonio
47577.0,36928.0,,136.0,96.0,117.0,72.0,217.0,219.0,409.0,167.0,2612.0,487.0,2180.0,373.0,2239.0,513.0,87.0,175.0,27055.0,16000US4865600,sanmarcos
36856.0,20785.0,13852.0,237.0,22.0,99.0,155.0,125.0,144.0,265.0,103.0,3502.0,782.0,1759.0,839.0,1649.0,1059.0,549.0,37.0,37679.0,16000US4872368,texarkana
25644550.0,19116593.0,3030320.0,145761.0,133825.0,283523.0,193669.0,239088.0,183576.0,211914.0,136959.0,1989148.0,454406.0,1282738.0,476953.0,1362653.0,485164.0,146117.0,103943.0,50776.0,04000US48,texoma
98296.0,68729.0,22729.0,711.0,471.0,962.0,447.0,560.0,695.0,540.0,622.0,5790.0,1513.0,4688.0,2311.0,5321.0,1955.0,975.0,548.0,41348.0,16000US4874144,tyler
63342.0,50346.0,4685.0,353.0,212.0,332.0,646.0,686.0,753.0,525.0,174.0,5697.0,1723.0,3433.0,1583.0,1695.0,702.0,164.0,39.0,44978.0,16000US4875428,victoriatx
126250.0,88998.0,26794.0,665.0,559.0,1264.0,834.0,1312.0,810.0,1216.0,864.0,9161.0,1930.0,4938.0,2188.0,5185.0,1573.0,476.0,654.0,32353.0,16000US4876000,waco
104348.0,82143.0,13323.0,151.0,161.0,634.0,962.0,811.0,968.0,1280.0,292.0,11087.0,1942.0,5670.0,2123.0,4019.0,1432.0,431.0,336.0,42305.0,16000US4879000,wichitafalls
48733.0,42620.0,,90.0,48.0,300.0,223.0,187.0,153.0,300.0,87.0,1730.0,719.0,2227.0,804.0,2833.0,858.0,285.0,498.0,33437.0,16000US4945860,logan
83375.0,62578.0,,625.0,495.0,903.0,231.0,672.0,602.0,749.0,669.0,7225.0,1877.0,4451.0,1640.0,2936.0,1059.0,530.0,312.0,40878.0,16000US4955980,ogden
114467.0,100003.0,,247.0,79.0,417.0,101.0,342.0,262.0,411.0,595.0,3477.0,1335.0,5612.0,1840.0,6259.0,2071.0,539.0,1014.0,38338.0,16000US4962470,provo
187964.0,142669.0,5744.0,675.0,914.0,1377.0,735.0,1441.0,1074.0,1661.0,1512.0,10641.0,3780.0,9015.0,3797.0,13684.0,5020.0,3293.0,2148.0,42267.0,16000US4967000,saltlakecity
74225.0,67927.0,,80.0,84.0,551.0,243.0,83.0,256.0,315.0,585.0,4957.0,1857.0,4388.0,2147.0,3397.0,1773.0,590.0,334.0,44793.0,16000US4965330,stgeorge
43644.0,30582.0,8921.0,148.0,91.0,83.0,325.0,219.0,222.0,232.0,161.0,2684.0,463.0,1195.0,467.0,2596.0,1629.0,748.0,834.0,44183.0,16000US5114968,charlottesville
225844.0,141306.0,67687.0,426.0,114.0,370.0,1313.0,1281.0,1253.0,1731.0,902.0,20137.0,5271.0,12445.0,5108.0,12534.0,5534.0,1061.0,439.0,68750.0,16000US5116000,chesapeake
42888.0,20297.0,20716.0,292.0,36.0,271.0,510.0,273.0,562.0,639.0,197.0,3766.0,1127.0,1575.0,1143.0,1425.0,563.0,284.0,161.0,31134.0,16000US5121344,danville
25869.0,16958.0,5801.0,57.0,46.0,0.0,73.0,121.0,105.0,140.0,56.0,1955.0,495.0,1028.0,391.0,1249.0,895.0,155.0,171.0,46397.0,16000US5129744,fredericksburg
136855.0,58905.0,69124.0,427.0,252.0,234.0,847.0,284.0,939.0,1019.0,608.0,11466.0,2939.0,9659.0,3198.0,5819.0,2630.0,526.0,390.0,51654.0,16000US5135000,hampton
49878.0,42335.0,,154.0,46.0,275.0,494.0,276.0,427.0,381.0,191.0,2869.0,401.0,1377.0,412.0,2009.0,859.0,294.0,408.0,37212.0,16000US5135624,harrisonburg
76377.0,49507.0,21634.0,122.0,85.0,328.0,743.0,468.0,503.0,572.0,356.0,5378.0,1322.0,2511.0,1088.0,3758.0,1748.0,622.0,411.0,37020.0,16000US5147672,lynchburg
8105120.0,5620645.0,1573482.0,30168.0,15714.0,34421.0,65599.0,45169.0,63038.0,62317.0,37826.0,673451.0,143268.0,360186.0,154918.0,515794.0,280442.0,76910.0,52574.0,62811.0,04000US51,blacksburg
180623.0,91343.0,72107.0,703.0,94.0,382.0,643.0,566.0,1070.0,1984.0,779.0,15192.0,3774.0,10406.0,4760.0,7747.0,3318.0,762.0,577.0,49690.0,16000US5156000,newportnews
244118.0,116491.0,105035.0,765.0,283.0,424.0,1162.0,1420.0,2109.0,2538.0,1209.0,20867.0,4862.0,14519.0,4639.0,10503.0,4578.0,1490.0,943.0,43708.0,16000US5157000,norfolk
95915.0,39541.0,51120.0,490.0,273.0,427.0,676.0,620.0,1175.0,1279.0,401.0,9485.0,1738.0,5141.0,2165.0,3424.0,1089.0,418.0,118.0,44945.0,16000US5164000,portsmouth
206936.0,89706.0,102440.0,1512.0,876.0,1318.0,2092.0,1060.0,1939.0,2136.0,1223.0,14734.0,2507.0,9015.0,2717.0,13411.0,4862.0,2402.0,918.0,40001.0,16000US5167000,richmond
96958.0,63293.0,26841.0,459.0,107.0,684.0,1076.0,1132.0,998.0,1083.0,812.0,10001.0,1696.0,4093.0,2287.0,4665.0,1551.0,703.0,270.0,38593.0,16000US5168000,roanoke
8105120.0,5620645.0,1573482.0,30168.0,15714.0,34421.0,65599.0,45169.0,63038.0,62317.0,37826.0,673451.0,143268.0,360186.0,154918.0,515794.0,280442.0,76910.0,52574.0,62811.0,04000US51,swva
84942.0,44508.0,35572.0,245.0,72.0,181.0,437.0,626.0,629.0,692.0,394.0,8519.0,1759.0,4359.0,2228.0,3619.0,1850.0,484.0,134.0,67546.0,16000US5176432,suffolk
443102.0,303134.0,84875.0,1147.0,42.0,417.0,666.0,917.0,2188.0,2435.0,1371.0,32989.0,11635.0,27894.0,12679.0,27928.0,11142.0,3690.0,1591.0,65169.0,16000US5182000,virginiabeach
81647.0,70718.0,,304.0,143.0,105.0,244.0,149.0,353.0,47.0,488.0,4541.0,1897.0,3632.0,2732.0,5950.0,2265.0,624.0,635.0,41594.0,16000US5305280,bellingham
103818.0,78870.0,4569.0,362.0,128.0,200.0,770.0,397.0,876.0,755.0,1188.0,9748.0,3396.0,5788.0,3524.0,4871.0,1599.0,335.0,295.0,45553.0,16000US5322640,everett
20869.0,16431.0,,298.0,67.0,133.0,136.0,95.0,38.0,148.0,127.0,1462.0,497.0,1254.0,647.0,424.0,490.0,112.0,131.0,43065.0,16000US5347245,moseslake
6821303.0,5350392.0,243811.0,23816.0,14943.0,25667.0,30268.0,24417.0,33614.0,43102.0,40317.0,539604.0,167952.0,379027.0,202139.0,457320.0,175936.0,53047.0,38787.0,57966.0,04000US53,mtvernon
47250.0,40308.0,,106.0,19.0,0.0,303.0,68.0,89.0,170.0,274.0,3111.0,1145.0,2703.0,1052.0,3752.0,1582.0,501.0,413.0,50934.0,16000US5351300,olympia
30388.0,24071.0,,0.0,0.0,0.0,0.0,1.0,27.0,0.0,43.0,556.0,48.0,742.0,253.0,1888.0,897.0,160.0,906.0,23285.0,16000US5356625,pullman
622273.0,434663.0,48531.0,2204.0,890.0,2137.0,1843.0,1539.0,1897.0,2350.0,3809.0,27307.0,10331.0,29723.0,15491.0,75609.0,30475.0,11317.0,8711.0,62617.0,16000US5363000,seattle
6821303.0,5350392.0,243811.0,23816.0,14943.0,25667.0,30268.0,24417.0,33614.0,43102.0,40317.0,539604.0,167952.0,379027.0,202139.0,457320.0,175936.0,53047.0,38787.0,57966.0,04000US53,spokane
200090.0,133057.0,22383.0,774.0,324.0,756.0,831.0,810.0,1181.0,1751.0,1074.0,20105.0,4283.0,11037.0,5342.0,9129.0,3577.0,1210.0,763.0,49556.0,16000US5370000,tacoma
6821303.0,5350392.0,243811.0,23816.0,14943.0,25667.0,30268.0,24417.0,33614.0,43102.0,40317.0,539604.0,167952.0,379027.0,202139.0,457320.0,175936.0,53047.0,38787.0,57966.0,04000US53,tricitieswa
32381.0,28401.0,,247.0,79.0,352.0,457.0,95.0,218.0,149.0,319.0,2806.0,688.0,1375.0,998.0,1458.0,397.0,366.0,126.0,47558.0,16000US5377105,wenatchee
92506.0,65557.0,,1148.0,1080.0,1323.0,1091.0,759.0,975.0,1312.0,876.0,7174.0,2106.0,3405.0,1972.0,3112.0,1026.0,639.0,209.0,40104.0,16000US5380010,yakima
51153.0,42067.0,3857.0,154.0,42.0,126.0,330.0,274.0,388.0,375.0,146.0,4842.0,723.0,1947.0,718.0,3602.0,1332.0,1881.0,358.0,47864.0,16000US5414600,charlestonwv
49309.0,43221.0,3893.0,128.0,47.0,85.0,247.0,507.0,698.0,531.0,185.0,4642.0,1132.0,2495.0,631.0,2428.0,932.0,514.0,283.0,28201.0,16000US5439460,huntington
30480.0,26389.0,,91.0,0.0,18.0,45.0,34.0,52.0,186.0,138.0,1920.0,324.0,1479.0,307.0,1598.0,866.0,391.0,521.0,31883.0,16000US5455756,morgantown
31343.0,29740.0,,70.0,0.0,31.0,275.0,202.0,289.0,325.0,89.0,4144.0,772.0,1614.0,716.0,1023.0,334.0,45.0,100.0,31989.0,16000US5462140,parkersburg
8105120.0,5620645.0,1573482.0,30168.0,15714.0,34421.0,65599.0,45169.0,63038.0,62317.0,37826.0,673451.0,143268.0,360186.0,154918.0,515794.0,280442.0,76910.0,52574.0,62811.0,04000US51,southernwestvirginia
28333.0,25855.0,,59.0,2.0,1.0,165.0,120.0,140.0,177.0,76.0,3257.0,612.0,1348.0,613.0,1682.0,637.0,166.0,150.0,34433.0,16000US5486452,wheeling
72689.0,64530.0,,317.0,80.0,156.0,257.0,121.0,178.0,346.0,528.0,6693.0,1400.0,3178.0,2710.0,4258.0,1776.0,621.0,337.0,51674.0,16000US5502375,appleton
66087.0,60916.0,,196.0,0.0,14.0,74.0,100.0,78.0,254.0,191.0,4571.0,1475.0,3061.0,2473.0,3716.0,1376.0,479.0,405.0,42508.0,16000US5522300,eauclaire
104494.0,87451.0,3845.0,586.0,234.0,314.0,555.0,435.0,282.0,760.0,854.0,11141.0,2028.0,5031.0,3148.0,4997.0,1360.0,363.0,222.0,41404.0,16000US5531000,greenbay
63551.0,58572.0,1433.0,128.0,39.0,234.0,229.0,118.0,321.0,568.0,608.0,7404.0,1538.0,3234.0,1711.0,2697.0,1074.0,313.0,112.0,47040.0,16000US5537825,janesville
51478.0,46109.0,,95.0,0.0,41.0,208.0,148.0,193.0,267.0,141.0,4115.0,563.0,2371.0,1808.0,2350.0,798.0,401.0,424.0,38440.0,16000US5540775,lacrosse
237136.0,189431.0,17978.0,529.0,186.0,327.0,433.0,220.0,460.0,922.0,557.0,11950.0,2949.0,9007.0,5339.0,20679.0,9955.0,3298.0,4597.0,52599.0,16000US5548000,madison
597247.0,278320.0,235249.0,3148.0,2074.0,3501.0,3859.0,3846.0,4748.0,7369.0,3575.0,54755.0,8911.0,25465.0,10305.0,22971.0,8479.0,2073.0,1583.0,34439.0,16000US5553000,milwaukee
78552.0,52610.0,16056.0,299.0,234.0,304.0,536.0,619.0,735.0,777.0,742.0,8111.0,1740.0,4072.0,1540.0,1892.0,1053.0,138.0,151.0,37397.0,16000US5566000,racine
49045.0,41627.0,,279.0,142.0,228.0,178.0,68.0,185.0,513.0,422.0,6175.0,1199.0,2061.0,987.0,2319.0,779.0,237.0,22.0,41792.0,16000US5572975,sheboygan
39122.0,31841.0,,60.0,12.0,122.0,387.0,89.0,208.0,399.0,247.0,4541.0,823.0,1462.0,1686.0,1887.0,807.0,363.0,152.0,40115.0,16000US5584475,wausau
