,location,City,State,B01001_001,B19013_001,B01001A_001,B01001B_001,B15002_003,B15002_004,B15002_005,B15002_006,B15002_007,B15002_008,B15002_009,B15002_010,B15002_011,B15002_012,B15002_013,B15002_014,B15002_015,B15002_016,B15002_017,B15002_018,Agency,State_y,Months,Population,Violent crime total,Murder and nonnegligent Manslaughter,Forcible rape,Robbery,Aggravated assault,Property crime total,Burglary,Larceny-theft,Motor vehicle theft,Violent Crime rate,Murder and nonnegligent manslaughter rate,Forcible rape rate,Robbery rate,Aggravated assault rate,Property crime rate,Burglary rate,Larceny-theft rate,Motor vehicle theft rate
4,"Jacksonville, FL, USA",Jacksonville,FL,817602.0,49192.0,496761.0,249577.0,2733.0,1217.0,2306.0,4129.0,4334.0,7011.0,6938.0,4717.0,77245.0,18022.0,40539.0,21313.0,41399.0,12087.0,5099.0,2622.0,Jacksonville,FL,12,840660.0,5189.0,93,341.0,1371,3384,34674.0,7632,25403.0,1639,617.3,11.1,40.6,163.1,402.5,4124.6,907.9,3021.8,195.0
37,"Columbus, OH, USA",Columbus,OH,779573.0,43348.0,490453.0,216409.0,2526.0,1051.0,1755.0,3329.0,3709.0,5050.0,7261.0,4315.0,64223.0,14083.0,34924.0,13887.0,53101.0,16320.0,5593.0,3722.0,Columbus Police Dept,OH,7,797384.0,2341.0,32,255.0,1473,581,18713.0,6846,10232.0,1635,,,,,,,,,
53,"Seattle, WA, USA",Seattle,WA,603174.0,61856.0,425715.0,46734.0,2313.0,761.0,1827.0,2109.0,1653.0,1981.0,2513.0,3527.0,27124.0,9879.0,29377.0,14230.0,72131.0,29340.0,11291.0,8072.0,Seattle Police Dept,WA,12,626865.0,3746.0,23,119.0,1421,2183,31931.0,6523,21852.0,3556,597.6,3.7,19.0,226.7,348.2,5093.8,1040.6,3485.9,567.3
41,"Oklahoma City, OK, USA",Oklahoma City,OK,572742.0,44973.0,379436.0,83022.0,2203.0,2035.0,5008.0,3526.0,3723.0,4139.0,4945.0,3084.0,45554.0,11490.0,32308.0,9465.0,33551.0,10434.0,5004.0,2107.0,Oklahoma City Police Dept,OK,12,595607.0,5474.0,85,389.0,1209,3791,35390.0,9854,21162.0,4374,919.1,14.3,65.3,203.0,636.5,5941.8,1654.4,3553.0,734.4
8,"Atlanta, GA, USA",Atlanta,GA,419250.0,45946.0,163060.0,226917.0,1544.0,757.0,1364.0,1925.0,1610.0,3271.0,4100.0,2075.0,29217.0,3860.0,16854.0,4933.0,38521.0,15497.0,7338.0,3036.0,Atlanta Police Dept,GA,12,437041.0,6027.0,83,113.0,2276,3555,28554.0,6192,17212.0,5150,1379.0,19.0,25.9,520.8,813.4,6533.5,1416.8,3938.3,1178.4
36,"Cleveland, OH, USA",Cleveland,OH,403163.0,27470.0,165270.0,212121.0,1908.0,963.0,1175.0,2994.0,3860.0,6026.0,8541.0,3757.0,43254.0,7409.0,18391.0,6489.0,10676.0,3713.0,1440.0,685.0,Cleveland,OH,12,393781.0,5449.0,84,363.0,3252,1750,24309.0,9740,10808.0,3761,1383.8,21.3,92.2,825.8,444.4,6173.2,2473.5,2744.7,955.1
6,"Miami, FL, USA",Miami,FL,396069.0,30270.0,291795.0,81693.0,3042.0,5397.0,12673.0,5247.0,4533.0,3674.0,3811.0,6023.0,39454.0,3728.0,10664.0,8413.0,18073.0,6706.0,4396.0,1734.0,Miami Police Dept,FL,12,414327.0,4856.0,69,65.0,2096,2626,22271.0,4255,15305.0,2711,1172.0,16.7,15.7,505.9,633.8,5375.2,1027.0,3693.9,654.3
110,"Raleigh, NC, USA",Raleigh,NC,395091.0,52819.0,236068.0,117292.0,724.0,741.0,3065.0,1251.0,1844.0,1807.0,1627.0,1032.0,19126.0,5313.0,16286.0,7419.0,36949.0,12276.0,3920.0,3311.0,Raleigh Police Dept,NC,12,420594.0,1780.0,17,113.0,665,985,13779.0,3036,9812.0,931,423.2,4.0,26.9,158.1,234.2,3276.1,721.8,2332.9,221.4
44,"Tulsa, OK, USA",Tulsa,OK,390704.0,40268.0,262955.0,59595.0,1384.0,943.0,3070.0,2040.0,2642.0,2723.0,3119.0,2004.0,30346.0,7495.0,18322.0,8402.0,23625.0,6993.0,4502.0,1803.0,Tulsa Police Dept,OK,12,398904.0,3949.0,42,316.0,1062,2529,20807.0,6235,12162.0,2410,990.0,10.5,79.2,266.2,634.0,5216.0,1563.0,3048.9,604.2
25,"Wichita, KS, USA",Wichita,KS,377906.0,45625.0,276718.0,41018.0,996.0,775.0,1963.0,2153.0,2313.0,2499.0,2934.0,2105.0,31624.0,8963.0,19859.0,6444.0,22461.0,7177.0,2496.0,1535.0,Wichita Police Dept,KS,12,386409.0,2869.0,23,228.0,495,2123,21070.0,3919,15331.0,1820,742.5,6.0,59.0,128.1,549.4,5452.8,1014.2,3967.6,471.0
30,"New Orleans, LA, USA",New Orleans,LA,321409.0,37325.0,107536.0,193128.0,1434.0,688.0,1601.0,2633.0,2049.0,2974.0,4065.0,1959.0,27038.0,3930.0,17052.0,3484.0,18006.0,6769.0,5302.0,2519.0,New Orleans Police Dept,LA,12,362874.0,2958.0,193,136.0,1065,1564,13689.0,3423,8051.0,2215,815.2,53.2,37.5,293.5,431.0,3772.4,943.3,2218.7,610.4
35,"Cincinnati, OH, USA",Cincinnati,OH,298446.0,34104.0,151187.0,131321.0,957.0,656.0,805.0,1405.0,2066.0,2991.0,3344.0,1876.0,24893.0,4119.0,12347.0,4814.0,16521.0,6908.0,2967.0,1805.0,Cincinnati Police Dept,OH,12,296204.0,2887.0,46,188.0,1725,928,18173.0,5483,11590.0,1100,974.7,15.5,63.5,582.4,313.3,6135.3,1851.1,3912.8,371.4
153,"Greensboro, NC, USA",Greensboro,NC,267095.0,41973.0,134974.0,106697.0,1142.0,506.0,1054.0,1305.0,1375.0,2022.0,1923.0,1386.0,19033.0,3841.0,12448.0,4211.0,17859.0,5598.0,1983.0,1526.0,Greensboro Police Dept,NC,12,276134.0,1555.0,21,70.0,556,908,12064.0,3345,8153.0,566,563.1,7.6,25.4,201.4,328.8,4368.9,1211.4,2952.6,205.0
80,"Buffalo, NY, USA",Buffalo,NY,263914.0,30230.0,136914.0,100108.0,855.0,516.0,1040.0,1962.0,1484.0,2690.0,3065.0,2256.0,22152.0,4487.0,11345.0,5677.0,10090.0,4734.0,2048.0,932.0,Buffalo Police Dept,NY,12,262434.0,3382.0,48,138.0,1388,1808,13454.0,3976,8371.0,1107,1288.7,18.3,52.6,528.9,688.9,5126.6,1515.0,3189.8,421.8
19,"Fort Wayne, IN, USA",Fort Wayne,IN,254228.0,44597.0,190885.0,39489.0,583.0,274.0,1225.0,1252.0,1164.0,1620.0,1440.0,1487.0,22837.0,5471.0,11797.0,5953.0,14396.0,3973.0,1366.0,814.0,Fort Wayne Police Dept,IN,12,256625.0,931.0,22,93.0,447,369,9515.0,2025,7073.0,417,362.8,8.6,36.2,174.2,143.8,3707.7,789.1,2756.2,162.5
172,"Jersey City, NJ, USA",Jersey City,NJ,245226.0,57520.0,84697.0,64582.0,1036.0,556.0,1901.0,2033.0,1024.0,1448.0,2007.0,2003.0,18650.0,2439.0,10019.0,2961.0,22182.0,10407.0,2238.0,1333.0,Jersey City Police Dept,NJ,12,251554.0,1847.0,11,45.0,880,911,5479.0,1426,3291.0,762,734.2,4.4,17.9,349.8,362.1,2178.1,566.9,1308.3,302.9
26,"Baton Rouge, LA, USA",Baton Rouge,LA,229169.0,37381.0,92825.0,123128.0,627.0,342.0,761.0,1511.0,905.0,1883.0,2648.0,1519.0,16026.0,2597.0,10063.0,2119.0,11692.0,4272.0,2157.0,2220.0,Baton Rouge Police Dept,LA,12,231500.0,2507.0,66,64.0,1033,1344,12059.0,3826,7751.0,482,1082.9,28.5,27.6,446.2,580.6,5209.1,1652.7,3348.2,208.2
121,"Winston-Salem, NC, USA",Winston-Salem,NC,227691.0,41228.0,123100.0,79247.0,966.0,837.0,1394.0,1203.0,1814.0,1675.0,1735.0,1079.0,17721.0,2812.0,9550.0,3906.0,12858.0,4433.0,2199.0,1433.0,Winston-Salem Police Dept,NC,12,234687.0,1556.0,6,74.0,428,1048,13701.0,4529,8490.0,682,663.0,2.6,31.5,182.4,446.6,5838.0,1929.8,3617.6,290.6
179,"Hialeah, FL, USA",Hialeah,FL,225160.0,31096.0,209386.0,4851.0,1894.0,2090.0,5828.0,3974.0,3401.0,2057.0,1309.0,3747.0,27329.0,2369.0,7427.0,5191.0,7584.0,1671.0,1135.0,170.0,Hialeah Police Dept,FL,12,233107.0,810.0,4,40.0,260,506,7194.0,1048,5409.0,737,347.5,1.7,17.2,111.5,217.1,3086.1,449.6,2320.4,316.2
78,"Durham, NC, USA",Durham,NC,224930.0,47394.0,98513.0,90279.0,687.0,924.0,1938.0,1044.0,1414.0,1759.0,1447.0,960.0,11795.0,2493.0,8200.0,3583.0,15875.0,7038.0,2611.0,3600.0,Durham Police Dept,NC,12,235563.0,1710.0,21,63.0,615,1011,10279.0,3284,6291.0,704,725.9,8.9,26.7,261.1,429.2,4363.6,1394.1,2670.6,298.9
54,"Spokane, WA, USA",Spokane,WA,208040.0,41466.0,181475.0,4955.0,517.0,151.0,204.0,488.0,713.0,992.0,1322.0,1195.0,16218.0,5311.0,11438.0,7042.0,11985.0,4696.0,1773.0,1087.0,Spokane Police Dept,WA,12,212163.0,1369.0,13,81.0,537,738,18522.0,3827,12600.0,2095,645.3,6.1,38.2,253.1,347.8,8730.1,1803.8,5938.8,987.4
15,"Boise, ID, USA",Boise,ID,207560.0,49516.0,188441.0,2850.0,412.0,190.0,333.0,536.0,483.0,756.0,766.0,1090.0,14415.0,4691.0,12252.0,4887.0,16511.0,6459.0,2267.0,1401.0,Boise Police Dept,ID,12,211569.0,567.0,1,75.0,64,427,5342.0,913,4272.0,157,268.0,0.5,35.4,30.3,201.8,2524.9,431.5,2019.2,74.2
181,"Fayetteville, NC, USA",Fayetteville,NC,200105.0,44266.0,93699.0,81351.0,454.0,233.0,350.0,617.0,760.0,960.0,844.0,474.0,14432.0,4504.0,11849.0,6228.0,8255.0,2761.0,1472.0,585.0,Fayetteville Police Dept,NC,12,205966.0,1186.0,22,70.0,560,534,13163.0,4109,8298.0,756,575.8,10.7,34.0,271.9,259.3,6390.9,1995.0,4028.8,367.1
55,"Tacoma, WA, USA",Tacoma,WA,199449.0,49232.0,134879.0,22103.0,747.0,392.0,855.0,656.0,1063.0,1130.0,1648.0,1243.0,19192.0,4793.0,10477.0,5222.0,9433.0,3257.0,1518.0,927.0,Tacoma Police Dept,WA,12,202646.0,1615.0,12,93.0,486,1024,12866.0,2965,7995.0,1906,797.0,5.9,45.9,239.8,505.3,6349.0,1463.1,3945.3,940.6
31,"Shreveport, LA, USA",Shreveport,LA,198886.0,36803.0,82273.0,107989.0,500.0,217.0,652.0,870.0,929.0,1548.0,2508.0,1404.0,19303.0,2932.0,9694.0,2750.0,8923.0,2909.0,1933.0,783.0,Shreveport Police Dept,LA,12,202164.0,1550.0,17,92.0,433,1008,9862.0,2425,6973.0,464,766.7,8.4,45.5,214.2,498.6,4878.2,1199.5,3449.2,229.5
10,"Columbus, GA, USA",Columbus,GA,188548.0,41088.0,88711.0,85164.0,567.0,395.0,716.0,1084.0,1094.0,1648.0,1748.0,1150.0,15286.0,3599.0,10261.0,3499.0,7461.0,2655.0,1231.0,620.0,Columbus Police Dept,GA,12,196178.0,994.0,17,31.0,423,523,11266.0,2709,7711.0,846,506.7,8.7,15.8,215.6,266.6,5742.7,1380.9,3930.6,431.2
58,"Jackson, MS, USA",Jackson,MS,174774.0,34567.0,33783.0,138031.0,572.0,327.0,480.0,1078.0,1157.0,1980.0,1841.0,1443.0,13730.0,1691.0,8323.0,2167.0,6400.0,2433.0,1952.0,731.0,Jackson Police Dept,MS,12,13964.0,27.0,0,2.0,0,25,338.0,69,257.0,12,193.4,0.0,14.3,0.0,179.0,2420.5,494.1,1840.4,85.9
59,"Jackson, MS, USA",Jackson,MS,174774.0,34567.0,33783.0,138031.0,572.0,327.0,480.0,1078.0,1157.0,1980.0,1841.0,1443.0,13730.0,1691.0,8323.0,2167.0,6400.0,2433.0,1952.0,731.0,Jackson Police Dept,MS,12,175939.0,1668.0,63,135.0,799,671,11568.0,4124,6308.0,1136,948.1,35.8,76.7,454.1,381.4,6575.0,2344.0,3585.3,645.7
2,"Fort Lauderdale, FL, USA",Fort Lauderdale,FL,166712.0,50648.0,103074.0,52315.0,950.0,1084.0,1565.0,976.0,1281.0,1464.0,1669.0,1599.0,15682.0,3199.0,9374.0,4134.0,14269.0,4702.0,3161.0,1125.0,Fort Lauderdale Police Dept,FL,12,170827.0,1543.0,16,48.0,835,644,9960.0,2951,6419.0,590,903.3,9.4,28.1,488.8,377.0,5830.5,1727.5,3757.6,345.4
259,"Vancouver, WA, USA",Vancouver,WA,161606.0,50387.0,133686.0,5262.0,301.0,170.0,724.0,648.0,608.0,1434.0,1064.0,1176.0,13036.0,4466.0,9904.0,4657.0,8569.0,3040.0,842.0,598.0,Vancouver Police Dept,WA,12,166375.0,592.0,5,72.0,172,343,6478.0,1044,4343.0,1091,355.8,3.0,43.3,103.4,206.2,3893.6,627.5,2610.4,655.7
213,"Springfield, MO, USA",Springfield,MO,159621.0,33771.0,143356.0,5866.0,365.0,120.0,195.0,794.0,926.0,1652.0,1396.0,816.0,14691.0,3283.0,8633.0,2728.0,8067.0,2550.0,1209.0,825.0,Springfield Police Dept,MO,12,5238.0,23.0,0,1.0,3,19,124.0,28,87.0,9,439.1,0.0,19.1,57.3,362.7,2367.3,534.6,1660.9,171.8
214,"Springfield, MO, USA",Springfield,MO,159621.0,33771.0,143356.0,5866.0,365.0,120.0,195.0,794.0,926.0,1652.0,1396.0,816.0,14691.0,3283.0,8633.0,2728.0,8067.0,2550.0,1209.0,825.0,Springfield Police Dept,MO,12,2152.0,,0,,0,0,0.0,0,0.0,0,,0.0,,0.0,0.0,0.0,0.0,0.0,0.0
113,"Cape Coral, FL, USA",Cape Coral,FL,152817.0,51407.0,140135.0,4918.0,408.0,86.0,364.0,496.0,704.0,1360.0,1299.0,1196.0,18322.0,4383.0,8632.0,3759.0,7251.0,1963.0,849.0,379.0,Cape Coral Police Dept,FL,12,159625.0,229.0,4,16.0,41,168,3521.0,860,2547.0,114,143.5,2.5,10.0,25.7,105.2,2205.8,538.8,1595.6,71.4
57,"Sioux Falls, SD, USA",Sioux Falls,SD,151727.0,51831.0,132615.0,5738.0,365.0,85.0,399.0,916.0,716.0,865.0,934.0,890.0,13424.0,2776.0,7280.0,3952.0,10284.0,3456.0,1418.0,625.0,Sioux Falls Police Dept,SD,12,158354.0,631.0,2,139.0,70,420,5041.0,899,3843.0,299,398.5,1.3,87.8,44.2,265.2,3183.4,567.7,2426.8,188.8
38,"Dayton, OH, USA",Dayton,OH,144044.0,28843.0,77791.0,59663.0,489.0,122.0,390.0,1065.0,1013.0,1700.0,1735.0,1289.0,13987.0,3194.0,6953.0,2723.0,3944.0,1408.0,324.0,486.0,Dayton,OH,12,142139.0,1384.0,24,112.0,633,615,8385.0,3043,4649.0,693,973.7,16.9,78.8,445.3,432.7,5899.2,2140.9,3270.7,487.6
253,"Hollywood, FL, USA",Hollywood,FL,141198.0,45611.0,103018.0,22218.0,465.0,332.0,605.0,685.0,869.0,1048.0,1084.0,1284.0,14916.0,2620.0,6650.0,3216.0,9365.0,2102.0,1794.0,681.0,Hollywood Police Dept,FL,12,145313.0,643.0,5,38.0,278,322,7713.0,1958,5095.0,660,442.5,3.4,26.2,191.3,221.6,5307.9,1347.4,3506.2,454.2
12,"Savannah, GA, USA",Savannah,GA,135780.0,35623.0,55211.0,75144.0,634.0,146.0,513.0,751.0,791.0,1273.0,1893.0,807.0,12716.0,1867.0,6238.0,1993.0,5841.0,1985.0,657.0,556.0,Savannah Police Dept,GA,12,231285.0,878.0,23,25.0,491,339,8325.0,2083,5583.0,659,379.6,9.9,10.8,212.3,146.6,3599.5,900.6,2413.9,284.9
46,"Columbia, SC, USA",Columbia,SC,128777.0,38995.0,66747.0,55111.0,389.0,122.0,352.0,821.0,1030.0,1258.0,1228.0,740.0,7931.0,2083.0,5180.0,2142.0,8297.0,3216.0,1796.0,1036.0,Columbia Police Dept,SC,12,131833.0,1042.0,8,62.0,337,635,7211.0,1723,4752.0,736,790.4,6.1,47.0,255.6,481.7,5469.8,1307.0,3604.6,558.3
24,"Topeka, KS, USA",Topeka,KS,126842.0,40362.0,96637.0,14465.0,470.0,307.0,402.0,708.0,878.0,761.0,746.0,577.0,11694.0,3000.0,5713.0,2328.0,6685.0,2677.0,1137.0,419.0,Topeka Police Dept,KS,12,128843.0,772.0,15,39.0,237,481,6841.0,1277,4967.0,597,599.2,11.6,30.3,183.9,373.3,5309.6,991.1,3855.1,463.4
3,"Gainesville, FL, USA",Gainesville,FL,124597.0,30952.0,82663.0,27780.0,513.0,110.0,179.0,499.0,334.0,656.0,748.0,457.0,5584.0,1385.0,3085.0,2742.0,6489.0,3420.0,1210.0,2390.0,Gainesville Police Dept,FL,12,127036.0,851.0,6,74.0,171,600,5201.0,1009,3953.0,239,669.9,4.7,58.3,134.6,472.3,4094.1,794.3,3111.7,188.1
166,"Elizabeth, NJ, USA",Elizabeth,NJ,123905.0,44678.0,58309.0,24755.0,819.0,1336.0,2942.0,1650.0,1185.0,1113.0,1185.0,824.0,15207.0,1533.0,4241.0,1282.0,2919.0,1004.0,403.0,164.0,Elizabeth Police Dept,NJ,12,126281.0,1007.0,14,37.0,535,421,4351.0,987,2197.0,1167,797.4,11.1,29.3,423.7,333.4,3445.5,781.6,1739.8,924.1
216,"Coral Springs, FL, USA",Coral Springs,FL,121275.0,70610.0,88365.0,20678.0,230.0,75.0,253.0,368.0,271.0,409.0,660.0,608.0,8493.0,1759.0,5515.0,3421.0,9033.0,2694.0,1489.0,468.0,Coral Springs Police Dept,FL,12,125021.0,229.0,1,10.0,78,140,2820.0,572,2098.0,150,183.2,0.8,8.0,62.4,112.0,2255.6,457.5,1678.1,120.0
79,"Bellevue, WA, USA",Bellevue,WA,121134.0,84503.0,78124.0,2973.0,251.0,208.0,185.0,240.0,191.0,223.0,283.0,257.0,4522.0,1576.0,4834.0,2245.0,16418.0,8034.0,2127.0,1569.0,Bellevue Police Dept,WA,12,126022.0,161.0,2,26.0,67,66,3503.0,685,2649.0,169,127.8,1.6,20.6,53.2,52.4,2779.7,543.6,2102.0,134.1
27,"Lafayette, LA, USA",Lafayette,LA,119782.0,44688.0,77600.0,37388.0,520.0,176.0,483.0,693.0,551.0,864.0,932.0,708.0,8726.0,1718.0,6540.0,1442.0,7786.0,2064.0,1584.0,710.0,Lafayette Police Dept,LA,12,122852.0,779.0,11,11.0,202,555,6815.0,1330,5244.0,241,634.1,9.0,9.0,164.4,451.8,5547.3,1082.6,4268.6,196.2
18,"Evansville, IN, USA",Evansville,IN,117942.0,36143.0,98573.0,14197.0,289.0,77.0,276.0,767.0,770.0,1478.0,1098.0,832.0,13354.0,2488.0,5998.0,2401.0,4570.0,1534.0,498.0,351.0,Evansville Police Dept,IN,12,118194.0,560.0,8,56.0,199,297,6083.0,1132,4531.0,420,473.8,6.8,47.4,168.4,251.3,5146.6,957.7,3833.5,355.3
233,"Miramar, FL, USA",Miramar,FL,117343.0,64767.0,46459.0,52549.0,349.0,118.0,434.0,326.0,447.0,487.0,347.0,722.0,8688.0,1773.0,5146.0,3010.0,6291.0,2713.0,973.0,425.0,Miramar Police Dept,FL,12,125998.0,537.0,2,31.0,163,341,2984.0,862,1901.0,221,426.2,1.6,24.6,129.4,270.6,2368.3,684.1,1508.8,175.4
215,"Norman, OK, USA",Norman,OK,109821.0,46595.0,88547.0,4666.0,117.0,7.0,165.0,230.0,228.0,392.0,474.0,415.0,6206.0,1668.0,5532.0,1636.0,7545.0,3501.0,1161.0,1731.0,Norman Police Dept,OK,12,113969.0,173.0,1,52.0,54,66,3050.0,629,2252.0,169,151.8,0.9,45.6,47.4,57.9,2676.2,551.9,1976.0,148.3
132,"Clearwater, FL, USA",Clearwater,FL,107809.0,41986.0,90438.0,11129.0,309.0,244.0,392.0,720.0,548.0,749.0,1016.0,762.0,10536.0,2351.0,5242.0,2755.0,6898.0,2316.0,990.0,412.0,Clearwater Police Dept,FL,12,109255.0,727.0,3,59.0,206,459,4264.0,919,3169.0,176,665.4,2.7,54.0,188.5,420.1,3902.8,841.2,2900.6,161.1
258,"Columbia, MO, USA",Columbia,MO,106658.0,43102.0,83674.0,11394.0,30.0,48.0,76.0,384.0,160.0,447.0,330.0,242.0,4579.0,1222.0,3517.0,1354.0,7858.0,3313.0,1293.0,2097.0,Columbia Police Dept,MO,12,110646.0,476.0,3,41.0,162,270,4221.0,784,3294.0,143,430.2,2.7,37.1,146.4,244.0,3814.9,708.6,2977.1,129.2
207,"Wilmington, NC, USA",Wilmington,NC,105900.0,39764.0,77360.0,22261.0,457.0,62.0,521.0,690.0,533.0,692.0,837.0,584.0,6477.0,1834.0,4742.0,2525.0,8200.0,2159.0,1128.0,635.0,Wilmington Police Dept,NC,12,109370.0,618.0,8,23.0,261,326,5910.0,1694,3843.0,373,565.1,7.3,21.0,238.6,298.1,5403.7,1548.9,3513.8,341.0
243,"High Point, NC, USA",High Point,NC,102858.0,44020.0,56016.0,34147.0,377.0,272.0,364.0,836.0,587.0,1072.0,942.0,418.0,8295.0,1441.0,4316.0,2076.0,6396.0,1984.0,610.0,341.0,High Point Police Dept,NC,12,106801.0,556.0,5,19.0,185,347,4417.0,1188,2943.0,286,520.6,4.7,17.8,173.2,324.9,4135.7,1112.3,2755.6,267.8
50,"Everett, WA, USA",Everett,WA,102569.0,48410.0,78092.0,3841.0,323.0,215.0,241.0,734.0,479.0,674.0,1041.0,973.0,9372.0,2660.0,5761.0,3269.0,5404.0,1369.0,212.0,200.0,Everett Police Dept,WA,12,105318.0,481.0,1,46.0,182,252,6416.0,1165,4281.0,970,456.7,0.9,43.7,172.8,239.3,6092.0,1106.2,4064.8,921.0
45,"Erie, PA, USA",Erie,PA,101658.0,32445.0,79473.0,15351.0,284.0,262.0,129.0,671.0,511.0,1083.0,830.0,777.0,12416.0,1800.0,3271.0,1644.0,4200.0,1242.0,443.0,223.0,Erie Police Dept,PA,12,101972.0,458.0,8,64.0,172,214,3510.0,1095,2311.0,104,449.1,7.8,62.8,168.7,209.9,3442.1,1073.8,2266.3,102.0
256,"Kent, WA, USA",Kent,WA,101652.0,58622.0,59813.0,10992.0,425.0,373.0,669.0,624.0,475.0,328.0,763.0,999.0,7860.0,2212.0,4872.0,3027.0,6326.0,1513.0,200.0,260.0,Kent Police Dept,WA,12,122102.0,543.0,2,68.0,194,279,5468.0,1239,3365.0,864,444.7,1.6,55.7,158.9,228.5,4478.2,1014.7,2755.9,707.6
242,"Albany, NY, USA",Albany,NY,97879.0,38394.0,55297.0,29718.0,214.0,145.0,294.0,444.0,449.0,715.0,969.0,452.0,6606.0,1040.0,3751.0,1951.0,5495.0,2865.0,1200.0,739.0,Albany Police Dept,NY,12,98187.0,802.0,4,43.0,249,506,4340.0,887,3299.0,154,816.8,4.1,43.8,253.6,515.3,4420.1,903.4,3359.9,156.8
5,"Lakeland, FL, USA",Lakeland,FL,97480.0,40650.0,70863.0,18906.0,313.0,402.0,181.0,611.0,710.0,957.0,802.0,594.0,10248.0,1825.0,4305.0,2162.0,5051.0,1722.0,614.0,446.0,Lakeland Police Dept,FL,12,99934.0,465.0,10,33.0,144,278,5216.0,1296,3735.0,185,465.3,10.0,33.0,144.1,278.2,5219.4,1296.9,3737.5,185.1
42,"Lawton, OK, USA",Lawton,OK,95391.0,43633.0,57420.0,20159.0,108.0,54.0,172.0,288.0,254.0,614.0,899.0,420.0,9708.0,2584.0,5530.0,1847.0,3805.0,1407.0,400.0,401.0,Lawton Police Dept,OK,12,98781.0,920.0,13,38.0,173,696,5208.0,1560,3349.0,299,931.4,13.2,38.5,175.1,704.6,5272.3,1579.3,3390.3,302.7
11,"Macon, GA, USA",Macon,GA,91969.0,26545.0,26871.0,61080.0,246.0,187.0,547.0,666.0,903.0,1109.0,1533.0,951.0,8700.0,1087.0,3059.0,1105.0,2387.0,678.0,652.0,255.0,Macon Police Dept,GA,12,92836.0,583.0,21,41.0,242,279,6699.0,1828,4371.0,500,628.0,22.6,44.2,260.7,300.5,7216.0,1969.1,4708.3,538.6
247,"Davie, FL, USA",Davie,FL,91305.0,58313.0,73748.0,7321.0,278.0,229.0,244.0,380.0,484.0,332.0,447.0,668.0,7075.0,1654.0,4702.0,2558.0,5913.0,1669.0,1076.0,309.0,Davie Police Dept,FL,12,94952.0,369.0,5,23.0,74,267,3473.0,667,2565.0,241,388.6,5.3,24.2,77.9,281.2,3657.6,702.5,2701.4,253.8
56,"Yakima, WA, USA",Yakima,WA,89825.0,41071.0,59166.0,1247.0,984.0,1338.0,1044.0,938.0,712.0,1138.0,1216.0,512.0,7084.0,1944.0,3831.0,1746.0,2987.0,1163.0,692.0,144.0,Yakima Police Dept,WA,12,93419.0,566.0,11,52.0,152,351,5774.0,1573,3106.0,1095,605.9,11.8,55.7,162.7,375.7,6180.8,1683.8,3324.8,1172.1
108,"Federal Way, WA, USA",Federal Way,WA,88787.0,55846.0,55501.0,8352.0,222.0,67.0,504.0,324.0,740.0,364.0,505.0,782.0,6952.0,2409.0,5350.0,2390.0,5330.0,1743.0,286.0,215.0,Federal Way Police Dept,WA,12,91978.0,296.0,3,43.0,106,144,5106.0,944,3364.0,798,321.8,3.3,46.8,115.2,156.6,5551.3,1026.3,3657.4,867.6
217,"Miami Beach, FL, USA",Miami Beach,FL,87956.0,42411.0,69200.0,3451.0,521.0,447.0,1175.0,779.0,540.0,267.0,578.0,657.0,6657.0,1375.0,4373.0,2773.0,9057.0,3582.0,2558.0,1170.0,Miami Beach Police Dept,FL,12,91066.0,941.0,5,42.0,407,487,9028.0,1048,7536.0,444,1033.3,5.5,46.1,446.9,534.8,9913.7,1150.8,8275.3,487.6
23,"Lawrence, KS, USA",Lawrence,KS,87157.0,42761.0,72125.0,4223.0,70.0,23.0,73.0,125.0,149.0,172.0,286.0,211.0,3533.0,1011.0,3714.0,1335.0,6052.0,3007.0,932.0,1658.0,Lawrence Police Dept,KS,12,89180.0,370.0,0,52.0,53,265,3997.0,604,3190.0,203,414.9,0.0,58.3,59.4,297.2,4481.9,677.3,3577.0,227.6
220,"Trenton, NJ, USA",Trenton,NJ,85044.0,37219.0,28099.0,43724.0,589.0,741.0,1498.0,1595.0,1104.0,1328.0,1116.0,931.0,10079.0,1523.0,3066.0,1077.0,1748.0,659.0,113.0,173.0,Trenton Police Dept,NJ,12,85317.0,1251.0,24,23.0,577,627,2746.0,1291,986.0,469,1466.3,28.1,27.0,676.3,734.9,3218.6,1513.2,1155.7,549.7
115,"Boca Raton, FL, USA",Boca Raton,FL,84876.0,71414.0,76253.0,4154.0,62.0,130.0,183.0,190.0,316.0,220.0,169.0,459.0,4764.0,1075.0,4026.0,1905.0,9438.0,3273.0,2608.0,1189.0,Boca Raton Police Dept,FL,12,86493.0,164.0,0,12.0,62,90,2557.0,491,1965.0,101,189.6,0.0,13.9,71.7,104.1,2956.3,567.7,2271.9,116.8
135,"Clifton, NJ, USA",Clifton,NJ,83274.0,63106.0,56858.0,4157.0,483.0,113.0,286.0,711.0,276.0,454.0,385.0,637.0,9504.0,1492.0,3666.0,1330.0,5714.0,1959.0,712.0,258.0,Clifton Police Dept,NJ,12,84684.0,184.0,0,13.0,80,91,1579.0,358,1080.0,141,217.3,0.0,15.4,94.5,107.5,1864.6,422.7,1275.3,166.5
230,"Hammond, IN, USA",Hammond,IN,81116.0,38396.0,44505.0,15436.0,489.0,241.0,913.0,612.0,539.0,690.0,919.0,810.0,9848.0,1459.0,3376.0,1334.0,2275.0,411.0,132.0,85.0,Hammond Police Dept,IN,12,81010.0,665.0,6,18.0,192,449,3448.0,936,2143.0,369,820.9,7.4,22.2,237.0,554.3,4256.3,1155.4,2645.4,455.5
49,"Bellingham, WA, USA",Bellingham,WA,80095.0,39299.0,69353.0,1124.0,165.0,105.0,158.0,247.0,65.0,329.0,78.0,266.0,4389.0,1558.0,4074.0,2452.0,5734.0,1940.0,568.0,722.0,Bellingham Police Dept,WA,12,82665.0,220.0,0,29.0,53,138,3975.0,614,3223.0,138,266.1,0.0,35.1,64.1,166.9,4808.6,742.8,3898.9,166.9
146,"Edmond, OK, USA",Edmond,OK,80048.0,69843.0,67002.0,5224.0,183.0,40.0,53.0,72.0,81.0,191.0,99.0,234.0,3265.0,903.0,4193.0,934.0,7914.0,2995.0,1336.0,861.0,Edmond Police Dept,OK,12,83473.0,85.0,2,12.0,20,51,1680.0,303,1330.0,47,101.8,2.4,14.4,24.0,61.1,2012.6,363.0,1593.3,56.3
17,"Bloomington, IN, USA",Bloomington,IN,79662.0,26516.0,66473.0,3653.0,103.0,36.0,33.0,210.0,282.0,184.0,298.0,172.0,2605.0,563.0,2359.0,653.0,4470.0,3170.0,614.0,1778.0,Bloomington Police Dept,IN,12,81636.0,243.0,3,18.0,42,180,3244.0,622,2471.0,151,297.7,3.7,22.0,51.4,220.5,3973.7,761.9,3026.9,185.0
7,"Albany, GA, USA",Albany,GA,77400.0,30155.0,19880.0,55198.0,274.0,247.0,265.0,429.0,536.0,946.0,1270.0,712.0,6725.0,1342.0,3189.0,909.0,2077.0,546.0,352.0,288.0,Albany Police Dept,GA,12,78512.0,813.0,4,27.0,224,558,5001.0,1408,3369.0,224,1035.5,5.1,34.4,285.3,710.7,6369.7,1793.4,4291.1,285.3
82,"St. Joseph, MO, USA",St. Joseph,MO,76447.0,40962.0,67355.0,3827.0,283.0,68.0,266.0,598.0,509.0,882.0,771.0,397.0,9560.0,1678.0,3757.0,1180.0,2791.0,949.0,497.0,284.0,St. Joseph Police Dept,MO,12,6600.0,,0,,1,5,50.0,3,44.0,3,,0.0,,15.2,75.8,757.6,45.5,666.7,45.5
76,"Kennewick, WA, USA",Kennewick,WA,72208.0,49299.0,54120.0,1486.0,513.0,139.0,527.0,368.0,475.0,513.0,718.0,522.0,6039.0,1739.0,3458.0,1772.0,3116.0,1216.0,281.0,282.0,Kennewick Police Dept,WA,12,76971.0,229.0,1,33.0,35,160,2372.0,450,1795.0,127,297.5,1.3,42.9,45.5,207.9,3081.7,584.6,2332.0,165.0
28,"Lake Charles, LA, USA",Lake Charles,LA,71630.0,35996.0,34167.0,33686.0,253.0,110.0,283.0,723.0,450.0,806.0,705.0,319.0,7042.0,1225.0,3276.0,924.0,3364.0,802.0,419.0,362.0,Lake Charles Police Dept,LA,11,72904.0,544.0,10,49.0,165,320,3214.0,1943,1142.0,129,,,,,,,,,
182,"Gastonia, NC, USA",Gastonia,NC,71409.0,39427.0,43871.0,19706.0,293.0,295.0,561.0,742.0,657.0,659.0,520.0,509.0,6085.0,1290.0,3048.0,1694.0,3227.0,942.0,420.0,298.0,Gastonia Police Dept,NC,12,72782.0,450.0,1,29.0,157,263,4252.0,978,3075.0,199,618.3,1.4,39.8,215.7,361.4,5842.1,1343.7,4224.9,273.4
225,"Jacksonville, NC, USA",Jacksonville,NC,69656.0,42369.0,47305.0,14161.0,74.0,109.0,125.0,42.0,44.0,104.0,227.0,219.0,3652.0,2012.0,3371.0,1223.0,2146.0,702.0,214.0,138.0,Jacksonville Police Dept,NC,12,71502.0,152.0,4,25.0,16,107,1785.0,397,1329.0,59,212.6,5.6,35.0,22.4,149.6,2496.4,555.2,1858.7,82.5
40,"Youngstown, OH, USA",Youngstown,OH,68373.0,24880.0,33608.0,30979.0,257.0,257.0,188.0,684.0,689.0,684.0,1221.0,603.0,9451.0,1358.0,3135.0,885.0,1591.0,514.0,153.0,140.0,Youngstown Police Dept,OH,10,1940.0,0.0,0,0.0,0,0,10.0,2,8.0,0,,,,,,,,,
123,"Boynton Beach, FL, USA",Boynton Beach,FL,67918.0,45156.0,43895.0,19803.0,264.0,274.0,484.0,441.0,412.0,322.0,669.0,821.0,5740.0,1368.0,3933.0,1791.0,4346.0,1592.0,588.0,240.0,Boynton Beach Police Dept,FL,12,69937.0,399.0,5,8.0,127,259,2988.0,627,2210.0,151,570.5,7.1,11.4,181.6,370.3,4272.4,896.5,3160.0,215.9
63,"Rapid City, SD, USA",Rapid City,SD,67193.0,44740.0,54771.0,777.0,133.0,14.0,120.0,316.0,136.0,357.0,383.0,255.0,5705.0,1559.0,3861.0,1760.0,4031.0,1468.0,582.0,248.0,Rapid City Police Dept,SD,12,69979.0,425.0,4,111.0,55,255,3555.0,591,2734.0,230,607.3,5.7,158.6,78.6,364.4,5080.1,844.5,3906.9,328.7
68,"Lauderhill, FL, USA",Lauderhill,FL,67098.0,38585.0,10848.0,51809.0,339.0,135.0,336.0,428.0,264.0,388.0,684.0,749.0,6661.0,669.0,3676.0,1519.0,2288.0,1129.0,143.0,88.0,Lauderhill Police Dept,FL,12,69046.0,587.0,8,19.0,242,318,2934.0,1238,1511.0,185,850.2,11.6,27.5,350.5,460.6,4249.3,1793.0,2188.4,267.9
21,"Lafayette, IN, USA",Lafayette,IN,66821.0,38556.0,57723.0,4107.0,174.0,128.0,286.0,335.0,365.0,430.0,533.0,319.0,6358.0,1338.0,2938.0,1290.0,3677.0,1297.0,330.0,292.0,Lafayette Police Dept,IN,12,68160.0,407.0,1,36.0,69,301,3293.0,713,2382.0,198,597.1,1.5,52.8,101.2,441.6,4831.3,1046.1,3494.7,290.5
195,"Kenner, LA, USA",Kenner,LA,66778.0,49689.0,44888.0,14974.0,221.0,140.0,542.0,615.0,513.0,606.0,575.0,490.0,6727.0,1149.0,4106.0,806.0,3554.0,459.0,697.0,146.0,Kenner Police Dept,LA,12,67110.0,139.0,2,12.0,61,64,2509.0,387,1973.0,149,207.1,3.0,17.9,90.9,95.4,3738.6,576.7,2939.9,222.0
94,"St. Charles, MO, USA",St. Charles,MO,65780.0,56929.0,59241.0,3580.0,45.0,43.0,105.0,483.0,171.0,399.0,321.0,309.0,5965.0,1466.0,3231.0,1156.0,4844.0,1724.0,194.0,257.0,St. Charles Police Dept,MO,12,2043.0,6.0,0,0.0,0,6,31.0,14,17.0,0,293.7,0.0,0.0,0.0,293.7,1517.4,685.3,832.1,0.0
95,"St. Charles, MO, USA",St. Charles,MO,65780.0,56929.0,59241.0,3580.0,45.0,43.0,105.0,483.0,171.0,399.0,321.0,309.0,5965.0,1466.0,3231.0,1156.0,4844.0,1724.0,194.0,257.0,St. Charles Police Dept,MO,12,3752.0,,0,,0,0,36.0,4,28.0,4,,0.0,,0.0,0.0,959.5,106.6,746.3,106.6
65,"Lorain, OH, USA",Lorain,OH,64810.0,34769.0,41685.0,11894.0,284.0,234.0,212.0,357.0,551.0,535.0,1037.0,490.0,7389.0,1340.0,2955.0,1187.0,1498.0,380.0,123.0,61.0,Lorain Police Dept,OH,12,64148.0,325.0,4,34.0,136,151,3233.0,1246,1869.0,118,506.6,6.2,53.0,212.0,235.4,5039.9,1942.4,2913.6,183.9
34,"Frederick, MD, USA",Frederick,MD,64593.0,66161.0,44228.0,11271.0,288.0,31.0,506.0,258.0,376.0,478.0,362.0,260.0,4549.0,1274.0,2963.0,1629.0,4877.0,1816.0,463.0,607.0,Frederick Police Dept,MD,12,66808.0,381.0,1,26.0,106,248,1899.0,245,1527.0,127,570.3,1.5,38.9,158.7,371.2,2842.5,366.7,2285.7,190.1
1,"Fort Myers, FL, USA",Fort Myers,FL,62773.0,37347.0,34897.0,20384.0,747.0,375.0,693.0,570.0,346.0,592.0,832.0,672.0,6436.0,893.0,2558.0,1462.0,2930.0,1154.0,431.0,233.0,Fort Myers Police Dept,FL,12,64379.0,754.0,24,26.0,172,532,2346.0,507,1639.0,200,1171.2,37.3,40.4,267.2,826.4,3644.0,787.5,2545.9,310.7
0,"Daytona Beach, FL, USA",Daytona Beach,FL,62186.0,29533.0,36369.0,22270.0,95.0,49.0,265.0,420.0,421.0,536.0,732.0,610.0,6204.0,1281.0,3109.0,1695.0,3049.0,1041.0,394.0,60.0,Daytona Beach Police Dept,FL,12,61861.0,715.0,4,23.0,179,509,3869.0,799,2724.0,346,1155.8,6.5,37.2,289.4,822.8,6254.3,1291.6,4403.4,559.3
251,"Shawnee, KS, USA",Shawnee,KS,61192.0,72516.0,53716.0,2625.0,69.0,111.0,111.0,152.0,111.0,244.0,112.0,193.0,4185.0,1210.0,3056.0,1185.0,5973.0,1910.0,432.0,191.0,Shawnee Police Dept,KS,12,63542.0,85.0,0,11.0,12,62,1060.0,152,769.0,139,133.8,0.0,17.3,18.9,97.6,1668.2,239.2,1210.2,218.8
97,"Kissimmee, FL, USA",Kissimmee,FL,60059.0,38158.0,42897.0,7194.0,268.0,131.0,562.0,760.0,476.0,453.0,318.0,518.0,6596.0,1062.0,2622.0,1399.0,1952.0,282.0,136.0,42.0,Kissimmee Police Dept,FL,12,62183.0,563.0,2,34.0,121,406,3112.0,822,2150.0,140,905.4,3.2,54.7,194.6,652.9,5004.6,1321.9,3457.5,225.1
48,"Greenville, SC, USA",Greenville,SC,58741.0,40925.0,38099.0,18320.0,225.0,190.0,227.0,313.0,473.0,708.0,498.0,315.0,4012.0,667.0,2464.0,939.0,4746.0,1652.0,892.0,405.0,Greenville Police Dept,SC,12,60953.0,509.0,1,21.0,104,383,3223.0,603,2411.0,209,835.1,1.6,34.5,170.6,628.4,5287.7,989.3,3955.5,342.9
176,"Cheyenne, WY, USA",Cheyenne,WY,58640.0,51912.0,50018.0,1506.0,57.0,36.0,100.0,193.0,165.0,309.0,282.0,232.0,4963.0,1702.0,3895.0,1816.0,2759.0,1297.0,442.0,225.0,Cheyenne Police Dept,WY,12,60969.0,140.0,0,21.0,21,98,2081.0,255,1730.0,96,229.6,0.0,34.4,34.4,160.7,3413.2,418.2,2837.5,157.5
204,"Homestead, FL, USA",Homestead,FL,57544.0,38724.0,44689.0,8820.0,619.0,946.0,1149.0,660.0,631.0,276.0,376.0,276.0,3988.0,810.0,1637.0,1101.0,2039.0,600.0,102.0,56.0,Homestead Police Dept,FL,12,62785.0,1045.0,4,33.0,315,693,3216.0,877,2151.0,188,1664.4,6.4,52.6,501.7,1103.8,5122.2,1396.8,3426.0,299.4
164,"Marietta, GA, USA",Marietta,GA,57204.0,44046.0,30449.0,18311.0,269.0,499.0,656.0,457.0,464.0,440.0,436.0,164.0,3757.0,990.0,2481.0,949.0,4423.0,1487.0,439.0,364.0,Marietta Police Dept,GA,12,57969.0,474.0,1,12.0,132,329,2548.0,496,1865.0,187,817.7,1.7,20.7,227.7,567.5,4395.5,855.6,3217.2,322.6
238,"Pasco, WA, USA",Pasco,WA,57120.0,47252.0,31405.0,1372.0,1141.0,551.0,1420.0,622.0,517.0,444.0,416.0,323.0,3852.0,1061.0,1875.0,957.0,1435.0,625.0,112.0,194.0,Pasco Police Dept,WA,12,63806.0,194.0,1,13.0,41,139,1663.0,419,1076.0,168,304.0,1.6,20.4,64.3,217.8,2606.3,656.7,1686.4,263.3
252,"Alpharetta, GA, USA",Alpharetta,GA,56316.0,92149.0,41460.0,5452.0,104.0,54.0,66.0,106.0,13.0,94.0,17.0,10.0,1820.0,479.0,1706.0,834.0,7735.0,3188.0,608.0,407.0,Alpharetta Police Dept,GA,12,60031.0,42.0,1,6.0,18,17,1230.0,127,1076.0,27,70.0,1.7,10.0,30.0,28.3,2048.9,211.6,1792.4,45.0
101,"Chapel Hill, NC, USA",Chapel Hill,NC,56289.0,58415.0,41858.0,5681.0,74.0,135.0,62.0,116.0,147.0,130.0,46.0,112.0,1009.0,217.0,771.0,453.0,3287.0,2722.0,1346.0,2371.0,Chapel Hill Police Dept,NC,12,58586.0,87.0,2,10.0,30,45,1493.0,452,969.0,72,148.5,3.4,17.1,51.2,76.8,2548.4,771.5,1654.0,122.9
66,"Casper, WY, USA",Casper,WY,54837.0,53064.0,51207.0,430.0,81.0,51.0,54.0,274.0,187.0,279.0,181.0,389.0,5052.0,1618.0,3187.0,1731.0,2732.0,963.0,553.0,118.0,Casper Police Dept,WY,12,56801.0,86.0,3,2.0,12,69,1968.0,363,1501.0,104,151.4,5.3,3.5,21.1,121.5,3464.7,639.1,2642.6,183.1
72,"New Brunswick, NJ, USA",New Brunswick,NJ,54500.0,40528.0,32935.0,8970.0,240.0,531.0,1531.0,679.0,619.0,223.0,353.0,189.0,4409.0,238.0,889.0,286.0,1470.0,417.0,217.0,180.0,New Brunswick Police Dept,NJ,12,55717.0,382.0,8,24.0,216,134,1511.0,557,871.0,83,685.6,14.4,43.1,387.7,240.5,2711.9,999.7,1563.3,149.0
229,"Midwest City, OK, USA",Midwest City,OK,54268.0,43956.0,35695.0,10942.0,97.0,36.0,115.0,186.0,112.0,333.0,285.0,392.0,5112.0,1446.0,3638.0,1320.0,2547.0,782.0,215.0,18.0,Midwest City Police Dept,OK,12,55768.0,295.0,6,36.0,46,207,2982.0,786,1956.0,240,529.0,10.8,64.6,82.5,371.2,5347.2,1409.4,3507.4,430.4
14,"Valdosta, GA, USA",Valdosta,GA,53527.0,31215.0,22106.0,28100.0,200.0,120.0,179.0,258.0,353.0,541.0,524.0,176.0,3910.0,740.0,1985.0,702.0,1783.0,732.0,361.0,245.0,Valdosta Police Dept,GA,12,56617.0,248.0,3,38.0,88,119,2324.0,655,1592.0,77,438.0,5.3,67.1,155.4,210.2,4104.8,1156.9,2811.9,136.0
206,"Redmond, WA, USA",Redmond,WA,53179.0,92851.0,36075.0,1043.0,137.0,79.0,134.0,152.0,54.0,69.0,55.0,193.0,1982.0,617.0,2108.0,981.0,7594.0,4425.0,271.0,734.0,Redmond Police Dept,WA,12,55770.0,36.0,0,8.0,11,17,1192.0,172,971.0,49,64.6,0.0,14.3,19.7,30.5,2137.3,308.4,1741.1,87.9
89,"Shoreline, WA, USA",Shoreline,WA,52924.0,66774.0,37972.0,2947.0,108.0,123.0,311.0,99.0,315.0,91.0,188.0,376.0,3164.0,1089.0,2850.0,1543.0,4827.0,1681.0,604.0,434.0,Shoreline,WA,12,54574.0,99.0,3,23.0,41,32,1654.0,442,1103.0,109,181.4,5.5,42.1,75.1,58.6,3030.7,809.9,2021.1,199.7
190,"Florissant, MO, USA",Florissant,MO,52301.0,51673.0,36745.0,13379.0,79.0,0.0,67.0,272.0,283.0,267.0,301.0,212.0,5020.0,1368.0,3071.0,1653.0,2395.0,651.0,117.0,78.0,Florissant Police Dept,MO,12,52243.0,79.0,0,3.0,29,47,1170.0,244,787.0,139,151.2,0.0,5.7,55.5,90.0,2239.5,467.0,1506.4,266.1
223,"Elkhart, IN, USA",Elkhart,IN,51371.0,33851.0,35797.0,7413.0,105.0,99.0,451.0,737.0,706.0,435.0,800.0,805.0,5064.0,1148.0,1607.0,677.0,1515.0,540.0,159.0,151.0,Elkhart Police Dept,IN,9,51481.0,527.0,2,24.0,63,438,1855.0,451,1281.0,123,,,,,,,,,
180,"Niagara Falls, NY, USA",Niagara Falls,NY,50570.0,32617.0,37076.0,11045.0,191.0,59.0,61.0,291.0,222.0,564.0,643.0,390.0,6491.0,1124.0,2212.0,1444.0,1242.0,579.0,142.0,66.0,Niagara Falls Police Dept,NY,12,50356.0,619.0,3,26.0,171,419,2963.0,750,2083.0,130,1229.2,6.0,51.6,339.6,832.1,5884.1,1489.4,4136.5,258.2
133,"Bradenton, FL, USA",Bradenton,FL,50272.0,41877.0,38418.0,7500.0,145.0,124.0,585.0,640.0,287.0,487.0,554.0,316.0,4960.0,1051.0,2340.0,1093.0,2270.0,882.0,342.0,184.0,Bradenton Police Dept,FL,12,50878.0,341.0,4,23.0,94,220,2026.0,511,1440.0,75,670.2,7.9,45.2,184.8,432.4,3982.1,1004.4,2830.3,147.4
170,"Greenwood, IN, USA",Greenwood,IN,49292.0,54947.0,45192.0,939.0,41.0,29.0,201.0,333.0,245.0,269.0,307.0,324.0,4606.0,1033.0,2395.0,1353.0,2860.0,763.0,340.0,143.0,Greenwood Police Dept,IN,12,51746.0,191.0,1,3.0,19,168,1809.0,207,1543.0,59,369.1,1.9,5.8,36.7,324.7,3495.9,400.0,2981.9,114.0
29,"Monroe, LA, USA",Monroe,LA,49119.0,29051.0,16206.0,31578.0,326.0,38.0,267.0,381.0,398.0,272.0,783.0,149.0,3579.0,679.0,2040.0,345.0,2179.0,531.0,470.0,264.0,Monroe Police Dept,LA,12,49474.0,490.0,5,18.0,137,330,3775.0,1172,2525.0,78,990.4,10.1,36.4,276.9,667.0,7630.3,2368.9,5103.7,157.7
200,"Euclid, OH, USA",Euclid,OH,49083.0,37600.0,21505.0,25886.0,95.0,29.0,36.0,222.0,248.0,386.0,560.0,255.0,5310.0,1002.0,2781.0,828.0,2097.0,517.0,156.0,123.0,Euclid Police Dept,OH,10,48538.0,92.0,0,12.0,34,46,1140.0,511,550.0,79,,,,,,,,,
39,"Mansfield, OH, USA",Mansfield,OH,48357.0,33482.0,35157.0,10826.0,185.0,43.0,117.0,333.0,451.0,632.0,1374.0,578.0,6994.0,1208.0,2718.0,1183.0,1290.0,433.0,251.0,199.0,Mansfield Police Dept,OH,12,47480.0,178.0,1,27.0,93,57,3205.0,1016,2104.0,85,374.9,2.1,56.9,195.9,120.1,6750.2,2139.8,4431.3,179.0
152,"Kirkland, WA, USA",Kirkland,WA,48334.0,88756.0,38651.0,756.0,73.0,10.0,46.0,21.0,20.0,77.0,33.0,233.0,1917.0,869.0,2412.0,1022.0,6884.0,2660.0,517.0,382.0,Kirkland Police Dept,WA,12,50243.0,92.0,0,14.0,24,54,1654.0,330,1237.0,87,183.1,0.0,27.9,47.8,107.5,3292.0,656.8,2462.0,173.2
75,"Mishawaka, IN, USA",Mishawaka,IN,48060.0,37620.0,41564.0,2902.0,104.0,10.0,17.0,205.0,322.0,571.0,482.0,270.0,5829.0,1023.0,1785.0,677.0,2410.0,909.0,148.0,245.0,Mishawaka Police Dept,IN,12,48363.0,160.0,3,22.0,55,80,2797.0,501,2138.0,158,330.8,6.2,45.5,113.7,165.4,5783.3,1035.9,4420.7,326.7
61,"Salina, KS, USA",Salina,KS,47387.0,42410.0,41815.0,1772.0,114.0,74.0,120.0,323.0,160.0,277.0,465.0,163.0,4660.0,1346.0,2582.0,705.0,2229.0,946.0,365.0,136.0,Salina Police Dept,KS,12,48155.0,161.0,1,19.0,23,118,2353.0,445,1801.0,107,334.3,2.1,39.5,47.8,245.0,4886.3,924.1,3740.0,222.2
237,"Binghamton, NY, USA",Binghamton,NY,47313.0,30267.0,36816.0,5227.0,237.0,14.0,159.0,204.0,400.0,539.0,620.0,254.0,4530.0,807.0,1581.0,1276.0,1736.0,1285.0,243.0,277.0,Binghamton Police Dept,NY,12,47250.0,315.0,3,15.0,81,216,2336.0,558,1732.0,46,666.7,6.3,31.7,171.4,457.1,4943.9,1181.0,3665.6,97.4
189,"Richland, WA, USA",Richland,WA,46945.0,67666.0,41142.0,691.0,100.0,19.0,19.0,25.0,51.0,71.0,109.0,239.0,2585.0,1117.0,2188.0,1296.0,3845.0,2161.0,296.0,966.0,Richland Police Dept,WA,12,50057.0,82.0,0,20.0,11,51,1270.0,187,1019.0,64,163.8,0.0,40.0,22.0,101.9,2537.1,373.6,2035.7,127.9
145,"Coral Gables, FL, USA",Coral Gables,FL,46442.0,88167.0,42312.0,1544.0,108.0,49.0,63.0,57.0,39.0,56.0,58.0,129.0,1021.0,254.0,1076.0,921.0,3857.0,2448.0,2219.0,975.0,Coral Gables Police Dept,FL,12,48435.0,79.0,3,4.0,22,50,2277.0,409,1757.0,111,163.1,6.2,8.3,45.4,103.2,4701.1,844.4,3627.5,229.2
114,"Cleveland Heights, OH, USA",Cleveland Heights,OH,46384.0,47966.0,23096.0,19936.0,137.0,47.0,31.0,98.0,119.0,179.0,304.0,168.0,2473.0,556.0,1766.0,667.0,3637.0,1648.0,1033.0,788.0,Cleveland Heights Police Dept,OH,12,45761.0,168.0,0,10.0,110,48,1648.0,305,1267.0,76,367.1,0.0,21.9,240.4,104.9,3601.3,666.5,2768.7,166.1
52,"Olympia, WA, USA",Olympia,WA,46240.0,52371.0,39684.0,838.0,42.0,9.0,51.0,125.0,38.0,68.0,116.0,235.0,2881.0,1097.0,1942.0,1062.0,3818.0,1889.0,589.0,304.0,Olympia Police Dept,WA,12,47729.0,150.0,5,45.0,37,63,2085.0,468,1504.0,113,314.3,10.5,94.3,77.5,132.0,4368.4,980.5,3151.1,236.8
198,"Kokomo, IN, USA",Kokomo,IN,45949.0,35211.0,38186.0,5196.0,99.0,79.0,59.0,403.0,407.0,518.0,406.0,216.0,5138.0,1011.0,2136.0,969.0,1372.0,764.0,110.0,118.0,Kokomo Police Dept,IN,12,45636.0,177.0,4,15.0,61,97,1857.0,462,1294.0,101,387.9,8.8,32.9,133.7,212.6,4069.2,1012.4,2835.5,221.3
43,"Stillwater, OK, USA",Stillwater,OK,44985.0,30133.0,35730.0,1854.0,18.0,72.0,121.0,49.0,127.0,38.0,193.0,56.0,1353.0,463.0,1835.0,741.0,2457.0,1387.0,205.0,926.0,Stillwater Police Dept,OK,12,46331.0,121.0,1,24.0,21,75,1471.0,260,1154.0,57,261.2,2.2,51.8,45.3,161.9,3175.0,561.2,2490.8,123.0
235,"Coeur d'Alene, ID, USA",Coeur d'Alene,ID,43800.0,40132.0,41562.0,185.0,85.0,0.0,103.0,110.0,119.0,263.0,237.0,281.0,4051.0,1314.0,2277.0,1313.0,2304.0,622.0,196.0,111.0,Coeur D'Alene Police Dept,ID,12,45267.0,260.0,0,26.0,14,220,1978.0,431,1395.0,152,574.4,0.0,57.4,30.9,486.0,4369.6,952.1,3081.7,335.8
188,"Jeffersonville, IN, USA",Jeffersonville,IN,43347.0,48968.0,35639.0,5388.0,61.0,43.0,53.0,262.0,242.0,359.0,404.0,345.0,4885.0,1017.0,2011.0,1325.0,2150.0,615.0,222.0,93.0,Jeffersonville Police Dept,IN,12,45640.0,436.0,2,2.0,36,396,1946.0,410,1394.0,142,955.3,4.4,4.4,78.9,867.7,4263.8,898.3,3054.3,311.1
151,"Fort Pierce, FL, USA",Fort Pierce,FL,42373.0,30869.0,21607.0,18159.0,386.0,203.0,935.0,486.0,627.0,772.0,504.0,438.0,4297.0,838.0,1105.0,554.0,1115.0,272.0,232.0,92.0,Fort Pierce Police Dept,FL,12,42566.0,472.0,3,31.0,137,301,2325.0,705,1528.0,92,1108.9,7.0,72.8,321.9,707.1,5462.1,1656.3,3589.7,216.1
165,"Kannapolis, NC, USA",Kannapolis,NC,42346.0,41645.0,31076.0,9114.0,297.0,143.0,277.0,547.0,444.0,454.0,422.0,181.0,4018.0,943.0,1899.0,888.0,1618.0,247.0,139.0,63.0,Kannapolis  Police Dept,NC,12,43670.0,108.0,1,7.0,46,54,1095.0,349,648.0,98,247.3,2.3,16.0,105.3,123.7,2507.4,799.2,1483.9,224.4
117,"Hutchinson, KS, USA",Hutchinson,KS,41857.0,40004.0,37373.0,1904.0,74.0,48.0,44.0,316.0,352.0,285.0,439.0,158.0,4471.0,1233.0,2489.0,988.0,1733.0,689.0,218.0,97.0,Hutchinson Police Dept,KS,12,42357.0,262.0,1,26.0,24,211,2519.0,502,1893.0,124,618.6,2.4,61.4,56.7,498.1,5947.1,1185.2,4469.2,292.7
106,"Altamonte Springs, FL, USA",Altamonte Springs,FL,41857.0,47942.0,32156.0,5573.0,108.0,37.0,93.0,153.0,108.0,190.0,292.0,282.0,3031.0,638.0,2466.0,1479.0,3018.0,990.0,277.0,67.0,Altamonte Springs Police Dept,FL,12,42296.0,142.0,1,9.0,35,97,1293.0,181,1042.0,70,335.7,2.4,21.3,82.8,229.3,3057.0,427.9,2463.6,165.5
205,"Atlantic City, NJ, USA",Atlantic City,NJ,39848.0,28526.0,11706.0,15651.0,296.0,181.0,422.0,497.0,460.0,497.0,486.0,644.0,4284.0,475.0,1252.0,657.0,1580.0,427.0,189.0,26.0,Atlantic City Police Dept,NJ,12,39722.0,699.0,19,35.0,322,323,2453.0,481,1884.0,88,1759.7,47.8,88.1,810.6,813.2,6175.4,1210.9,4743.0,221.5
240,"Edmonds, WA, USA",Edmonds,WA,39821.0,72452.0,33578.0,968.0,57.0,0.0,67.0,37.0,37.0,154.0,209.0,135.0,2208.0,833.0,2665.0,1221.0,4148.0,1516.0,654.0,209.0,Edmonds Police Dept,WA,12,40609.0,57.0,1,4.0,20,32,1004.0,260,694.0,50,140.4,2.5,9.9,49.3,78.8,2472.4,640.3,1709.0,123.1
191,"Hagerstown, MD, USA",Hagerstown,MD,39706.0,36806.0,29390.0,7545.0,203.0,99.0,113.0,342.0,392.0,565.0,493.0,263.0,4759.0,1256.0,1636.0,663.0,1270.0,642.0,48.0,74.0,Hagerstown Police Dept,MD,12,40275.0,197.0,3,11.0,75,108,1456.0,310,1020.0,126,489.1,7.4,27.3,186.2,268.2,3615.1,769.7,2532.6,312.8
193,"Lima, OH, USA",Lima,OH,38864.0,28641.0,26086.0,10253.0,78.0,37.0,97.0,173.0,452.0,630.0,632.0,133.0,4973.0,1034.0,1594.0,549.0,719.0,279.0,134.0,105.0,Lima Police Dept,OH,12,38691.0,466.0,6,51.0,101,308,2080.0,618,1382.0,80,1204.4,15.5,131.8,261.0,796.1,5375.9,1597.3,3571.9,206.8
32,"Annapolis, MD, USA",Annapolis,MD,38124.0,70908.0,25169.0,9140.0,144.0,184.0,419.0,324.0,91.0,441.0,106.0,166.0,2487.0,658.0,1148.0,466.0,3129.0,1679.0,551.0,404.0,Annapolis Police Dept,MD,12,39255.0,177.0,2,4.0,54,117,1042.0,185,775.0,82,450.9,5.1,10.2,137.6,298.1,2654.4,471.3,1974.3,208.9
169,"Bremerton, WA, USA",Bremerton,WA,37933.0,39380.0,28615.0,2388.0,48.0,33.0,158.0,114.0,154.0,149.0,222.0,255.0,3100.0,1153.0,2752.0,1544.0,1624.0,597.0,171.0,151.0,Bremerton Police Dept,WA,12,39434.0,230.0,1,38.0,44,147,2123.0,444,1487.0,192,583.3,2.5,96.4,111.6,372.8,5383.7,1125.9,3770.9,486.9
126,"Goldsboro, NC, USA",Goldsboro,NC,36689.0,35384.0,13988.0,20222.0,173.0,102.0,119.0,298.0,292.0,297.0,415.0,118.0,3442.0,772.0,2297.0,880.0,1153.0,463.0,144.0,206.0,Goldsboro Police Dept,NC,12,37107.0,312.0,13,3.0,73,223,2357.0,584,1648.0,125,840.8,35.0,8.1,196.7,601.0,6351.9,1573.8,4441.2,336.9
47,"Florence, SC, USA",Florence,SC,36526.0,42719.0,19414.0,16431.0,117.0,94.0,200.0,163.0,131.0,341.0,320.0,148.0,2818.0,495.0,1458.0,930.0,1605.0,754.0,437.0,230.0,Florence Police Dept,SC,12,37681.0,328.0,3,25.0,83,217,2897.0,566,2190.0,141,870.5,8.0,66.3,220.3,575.9,7688.2,1502.1,5811.9,374.2
137,"Clinton, MD, USA",Clinton,MD,35881.0,98356.0,4974.0,28343.0,32.0,27.0,79.0,198.0,318.0,294.0,145.0,186.0,3516.0,848.0,2556.0,713.0,1491.0,490.0,180.0,152.0,Clinton,MD,12,3483.0,3.0,0,0.0,0,3,41.0,17,23.0,1,86.1,0.0,0.0,0.0,86.1,1177.1,488.1,660.4,28.7
186,"Lynnwood, WA, USA",Lynnwood,WA,35805.0,47701.0,23760.0,1768.0,123.0,107.0,77.0,201.0,142.0,239.0,80.0,183.0,3076.0,880.0,2243.0,962.0,2627.0,462.0,76.0,115.0,Lynnwood Police Dept,WA,12,36647.0,74.0,0,5.0,36,33,2180.0,290,1703.0,187,201.9,0.0,13.6,98.2,90.0,5948.6,791.3,4647.0,510.3
187,"Goose Creek, SC, USA",Goose Creek,SC,35549.0,61524.0,26171.0,5790.0,49.0,26.0,160.0,51.0,45.0,128.0,195.0,73.0,3044.0,949.0,1720.0,1008.0,1875.0,514.0,57.0,46.0,Goose Creek Police Dept,SC,12,37387.0,117.0,2,15.0,21,79,927.0,161,704.0,62,312.9,5.3,40.1,56.2,211.3,2479.5,430.6,1883.0,165.8
192,"Lake Worth, FL, USA",Lake Worth,FL,35220.0,37288.0,25112.0,6184.0,716.0,942.0,923.0,316.0,530.0,368.0,517.0,261.0,3866.0,529.0,1210.0,530.0,1672.0,407.0,231.0,6.0,Lake Worth Police Dept,FL,12,35788.0,461.0,8,35.0,194,224,1728.0,487,1113.0,128,1288.1,22.4,97.8,542.1,625.9,4828.4,1360.8,3110.0,357.7
161,"Merrillville, IN, USA",Merrillville,IN,34779.0,51768.0,16221.0,15404.0,187.0,27.0,82.0,123.0,104.0,252.0,311.0,140.0,3861.0,711.0,2222.0,847.0,979.0,311.0,39.0,70.0,Merrillville Police Dept,IN,12,35325.0,106.0,4,6.0,39,57,1390.0,143,1125.0,122,300.1,11.3,17.0,110.4,161.4,3934.9,404.8,3184.7,345.4
177,"Grove City, OH, USA",Grove City,OH,34735.0,65287.0,32466.0,593.0,54.0,38.0,5.0,54.0,33.0,283.0,183.0,162.0,3365.0,860.0,1941.0,739.0,1989.0,622.0,328.0,116.0,Grove City Police Dept,OH,12,36050.0,37.0,1,12.0,20,4,1354.0,188,1127.0,39,102.6,2.8,33.3,55.5,11.1,3755.9,521.5,3126.2,108.2
232,"Peachtree City, GA, USA",Peachtree City,GA,34444.0,91045.0,28431.0,3154.0,28.0,0.0,53.0,23.0,81.0,28.0,55.0,81.0,1172.0,385.0,1765.0,689.0,3586.0,1837.0,320.0,274.0,Peachtree City Police Dept,GA,12,35128.0,15.0,0,2.0,6,7,457.0,36,366.0,55,42.7,0.0,5.7,17.1,19.9,1301.0,102.5,1041.9,156.6
167,"Hinesville, GA, USA",Hinesville,GA,33425.0,45233.0,14030.0,15038.0,22.0,29.0,69.0,23.0,73.0,100.0,112.0,43.0,3209.0,646.0,1883.0,926.0,1142.0,167.0,161.0,90.0,Hinesville Police Dept,GA,12,34887.0,153.0,2,18.0,33,100,1479.0,389,1049.0,41,438.6,5.7,51.6,94.6,286.6,4239.4,1115.0,3006.9,117.5
140,"Bothell, WA, USA",Bothell,WA,33124.0,70935.0,27229.0,272.0,56.0,13.0,162.0,50.0,34.0,25.0,183.0,201.0,2136.0,715.0,1551.0,897.0,3309.0,1503.0,307.0,148.0,Bothell Police Dept,WA,12,34389.0,35.0,1,7.0,8,19,893.0,179,654.0,60,101.8,2.9,20.4,23.3,55.3,2596.8,520.5,1901.8,174.5
112,"Fairborn, OH, USA",Fairborn,OH,32052.0,40981.0,26864.0,2748.0,96.0,18.0,44.0,204.0,109.0,126.0,326.0,182.0,2514.0,716.0,1506.0,752.0,1469.0,1010.0,65.0,192.0,Fairborn Police Dept,OH,5,32618.0,15.0,0,2.0,4,9,390.0,105,267.0,18,,,,,,,,,
16,"Lewiston, ID, USA",Lewiston,ID,31824.0,43927.0,29764.0,127.0,81.0,14.0,37.0,262.0,99.0,258.0,142.0,132.0,3848.0,713.0,2004.0,1013.0,1247.0,373.0,150.0,104.0,Lewiston Police Dept,ID,12,32337.0,55.0,0,7.0,10,38,1280.0,289,934.0,57,170.1,0.0,21.6,30.9,117.5,3958.3,893.7,2888.3,176.3
51,"Mount Vernon, WA, USA",Mount Vernon,WA,31455.0,48429.0,24423.0,349.0,349.0,263.0,302.0,318.0,159.0,140.0,272.0,140.0,2230.0,675.0,1421.0,1059.0,1095.0,564.0,169.0,51.0,Mount Vernon Police Dept,WA,12,32384.0,79.0,1,13.0,21,44,1552.0,315,1155.0,82,243.9,3.1,40.1,64.8,135.9,4792.5,972.7,3566.6,253.2
212,"Jamestown, NY, USA",Jamestown,NY,31148.0,31657.0,28300.0,1087.0,138.0,34.0,67.0,191.0,304.0,313.0,235.0,254.0,3180.0,541.0,1186.0,1199.0,846.0,594.0,76.0,30.0,Jamestown Police Dept,NY,12,31187.0,182.0,0,14.0,39,129,1180.0,359,784.0,37,583.6,0.0,44.9,125.1,413.6,3783.6,1151.1,2513.9,118.6
157,"Marion, IN, USA",Marion,IN,30335.0,30342.0,24175.0,4531.0,132.0,27.0,59.0,241.0,280.0,427.0,391.0,240.0,3686.0,633.0,1046.0,428.0,573.0,386.0,120.0,162.0,Marion Police Dept,IN,10,17268.0,57.0,0,8.0,7,42,178.0,149,7.0,22,,,,,,,,,
158,"Marion, IN, USA",Marion,IN,30335.0,30342.0,24175.0,4531.0,132.0,27.0,59.0,241.0,280.0,427.0,391.0,240.0,3686.0,633.0,1046.0,428.0,573.0,386.0,120.0,162.0,Marion Police Dept,IN,12,29931.0,83.0,3,9.0,50,21,1329.0,257,983.0,89,277.3,10.0,30.1,167.1,70.2,4440.2,858.6,3284.2,297.4
227,"Douglasville, GA, USA",Douglasville,GA,30203.0,49079.0,12068.0,16611.0,72.0,11.0,49.0,198.0,69.0,295.0,154.0,75.0,2536.0,538.0,1687.0,364.0,1283.0,428.0,121.0,192.0,Douglasville Police Dept,GA,12,31506.0,190.0,0,5.0,40,145,1995.0,231,1679.0,85,603.1,0.0,15.9,127.0,460.2,6332.1,733.2,5329.1,269.8
84,"East Chicago, IN, USA",East Chicago,IN,30003.0,28185.0,6945.0,13251.0,237.0,122.0,437.0,224.0,285.0,193.0,314.0,343.0,3034.0,479.0,1120.0,180.0,325.0,192.0,26.0,64.0,East Chicago Police Dept,IN,12,29764.0,220.0,3,9.0,88,120,1754.0,560,1025.0,169,739.1,10.1,30.2,295.7,403.2,5893.0,1881.5,3443.8,567.8
104,"Austintown, OH, USA",Austintown,OH,29881.0,42272.0,27396.0,1673.0,12.0,11.0,28.0,180.0,147.0,166.0,182.0,202.0,4000.0,704.0,1723.0,505.0,1123.0,543.0,93.0,66.0,Austintown Police Dept,OH,12,36478.0,63.0,0,6.0,19,38,1304.0,344,903.0,57,172.7,0.0,16.4,52.1,104.2,3574.8,943.0,2475.5,156.3
33,"Salisbury, MD, USA",Salisbury,MD,29808.0,40590.0,17316.0,9727.0,112.0,48.0,230.0,216.0,196.0,229.0,236.0,125.0,2356.0,406.0,974.0,546.0,1417.0,497.0,47.0,125.0,Salisbury Police Dept,MD,12,30778.0,366.0,1,18.0,118,229,1859.0,336,1470.0,53,1189.2,3.2,58.5,383.4,744.0,6040.0,1091.7,4776.1,172.2
103,"LaGrange, GA, USA",LaGrange,GA,29373.0,31885.0,13119.0,14249.0,148.0,67.0,120.0,253.0,268.0,349.0,591.0,172.0,2460.0,339.0,786.0,243.0,1114.0,496.0,151.0,55.0,Lagrange Police Dept,GA,12,30221.0,126.0,3,8.0,65,50,1785.0,464,1247.0,74,416.9,9.9,26.5,215.1,165.4,5906.5,1535.4,4126.3,244.9
119,"Kennesaw, GA, USA",Kennesaw,GA,29050.0,60288.0,18403.0,6385.0,57.0,0.0,33.0,65.0,86.0,189.0,79.0,36.0,1993.0,581.0,1324.0,567.0,2304.0,617.0,73.0,183.0,Kennesaw Police Dept,GA,12,30518.0,30.0,0,1.0,9,20,499.0,105,369.0,25,98.3,0.0,3.3,29.5,65.5,1635.1,344.1,1209.1,81.9
139,"Lawrenceville, GA, USA",Lawrenceville,GA,28234.0,46941.0,12403.0,9468.0,118.0,251.0,299.0,158.0,289.0,193.0,149.0,236.0,2287.0,418.0,1115.0,577.0,1085.0,268.0,124.0,20.0,Lawrenceville Police Dept,GA,12,29559.0,70.0,0,4.0,50,16,1061.0,214,804.0,43,236.8,0.0,13.5,169.2,54.1,3589.4,724.0,2720.0,145.5
149,"Gillette, WY, USA",Gillette,WY,28063.0,74404.0,25761.0,179.0,17.0,60.0,52.0,215.0,41.0,156.0,180.0,58.0,3258.0,556.0,1706.0,1014.0,1167.0,389.0,87.0,42.0,Gillette Police Dept,WY,12,29816.0,38.0,0,0.0,1,37,1194.0,138,1018.0,38,127.4,0.0,0.0,3.4,124.1,4004.6,462.8,3414.3,127.4
13,"Statesboro, GA, USA",Statesboro,GA,27922.0,19544.0,15100.0,10991.0,64.0,33.0,37.0,188.0,76.0,77.0,161.0,37.0,1360.0,262.0,819.0,187.0,725.0,264.0,51.0,202.0,Statesboro Police Dept,GA,12,29713.0,86.0,2,16.0,48,20,1307.0,297,964.0,46,289.4,6.7,53.8,161.5,67.3,4398.7,999.6,3244.4,154.8
196,"Hilliard, OH, USA",Hilliard,OH,27888.0,84543.0,25637.0,977.0,32.0,12.0,2.0,30.0,47.0,228.0,63.0,51.0,1611.0,470.0,1134.0,474.0,2805.0,806.0,357.0,218.0,Hilliard Police Dept,OH,12,28814.0,20.0,0,1.0,15,4,763.0,148,584.0,31,69.4,0.0,3.5,52.1,13.9,2648.0,513.6,2026.8,107.6
168,"Post Falls, ID, USA",Post Falls,ID,26913.0,48689.0,25688.0,84.0,0.0,5.0,33.0,110.0,41.0,160.0,178.0,43.0,2167.0,685.0,1731.0,953.0,1083.0,272.0,125.0,65.0,Post Falls Police Dept,ID,12,28294.0,52.0,0,6.0,4,42,964.0,205,718.0,41,183.8,0.0,21.2,14.1,148.4,3407.1,724.5,2537.6,144.9
221,"Crown Point, IN, USA",Crown Point,IN,26816.0,64227.0,22811.0,2237.0,31.0,51.0,75.0,114.0,91.0,146.0,237.0,113.0,2953.0,565.0,1309.0,607.0,1937.0,621.0,218.0,125.0,Crown Point Police Dept,IN,12,27890.0,7.0,0,2.0,2,3,514.0,56,435.0,23,25.1,0.0,7.2,7.2,10.8,1843.0,200.8,1559.7,82.5
138,"DeLand, FL, USA",DeLand,FL,26751.0,36527.0,19657.0,5060.0,126.0,57.0,86.0,140.0,132.0,149.0,282.0,81.0,2039.0,426.0,1092.0,603.0,1169.0,560.0,171.0,359.0,Deland Police Dept,FL,12,27410.0,128.0,2,1.0,37,88,1284.0,281,954.0,49,467.0,7.3,3.6,135.0,321.1,4684.4,1025.2,3480.5,178.8
210,"Anderson, SC, USA",Anderson,SC,26718.0,30166.0,16707.0,9287.0,206.0,35.0,182.0,232.0,300.0,267.0,359.0,277.0,2729.0,424.0,1102.0,239.0,841.0,440.0,175.0,117.0,Anderson Police Dept,SC,12,27127.0,250.0,7,10.0,38,195,1970.0,386,1458.0,126,921.6,25.8,36.9,140.1,718.8,7262.1,1422.9,5374.7,464.5
178,"Casselberry, FL, USA",Casselberry,FL,26256.0,43864.0,21908.0,1968.0,40.0,46.0,104.0,70.0,155.0,395.0,304.0,240.0,2439.0,621.0,1653.0,652.0,1443.0,429.0,145.0,73.0,Casselberry Police Dept,FL,12,26747.0,161.0,4,9.0,42,106,1070.0,205,822.0,43,601.9,15.0,33.6,157.0,396.3,4000.4,766.4,3073.2,160.8
74,"Paramus, NJ, USA",Paramus,NJ,26197.0,104105.0,19299.0,350.0,39.0,75.0,101.0,109.0,80.0,195.0,46.0,197.0,1998.0,419.0,786.0,406.0,2483.0,1209.0,526.0,140.0,Paramus Police Dept,NJ,12,26638.0,29.0,0,2.0,19,8,1373.0,54,1291.0,28,108.9,0.0,7.5,71.3,30.0,5154.3,202.7,4846.5,105.1
202,"Bridgeton, NJ, USA",Bridgeton,NJ,25146.0,35084.0,11512.0,8460.0,306.0,115.0,603.0,418.0,440.0,499.0,825.0,248.0,3566.0,657.0,682.0,182.0,383.0,163.0,9.0,5.0,Bridgeton Police Dept,NJ,12,25378.0,322.0,2,4.0,140,176,1108.0,484,582.0,42,1268.8,7.9,15.8,551.7,693.5,4366.0,1907.2,2293.3,165.5
209,"Statesville, NC, USA",Statesville,NC,24714.0,36317.0,14459.0,8197.0,134.0,20.0,155.0,371.0,298.0,321.0,217.0,193.0,2166.0,261.0,1250.0,583.0,1103.0,504.0,164.0,11.0,Statesville Police Dept,NC,12,25044.0,203.0,0,16.0,50,137,1636.0,635,933.0,68,810.6,0.0,63.9,199.6,547.0,6532.5,2535.5,3725.4,271.5
203,"Vicksburg, MS, USA",Vicksburg,MS,23961.0,26915.0,7502.0,15942.0,68.0,6.0,93.0,361.0,180.0,273.0,386.0,139.0,2222.0,241.0,969.0,416.0,969.0,333.0,119.0,90.0,Vicksburg Police Dept,MS,12,23700.0,174.0,2,21.0,29,122,1381.0,293,1037.0,51,734.2,8.4,88.6,122.4,514.8,5827.0,1236.3,4375.5,215.2
98,"South Plainfield, NJ, USA",South Plainfield,NJ,23237.0,91439.0,15540.0,2664.0,86.0,9.0,29.0,137.0,57.0,98.0,159.0,168.0,3039.0,363.0,1135.0,692.0,1312.0,670.0,77.0,59.0,South Plainfield Police Dept,NJ,12,23629.0,26.0,1,0.0,10,15,425.0,52,354.0,19,110.0,4.2,0.0,42.3,63.5,1798.6,220.1,1498.2,80.4
105,"Greenbelt, MD, USA",Greenbelt,MD,22922.0,61854.0,7724.0,11358.0,33.0,57.0,60.0,64.0,122.0,187.0,49.0,55.0,1782.0,285.0,934.0,441.0,1699.0,686.0,45.0,518.0,Greenbelt Police Dept,MD,12,23506.0,115.0,1,6.0,69,39,1035.0,247,651.0,137,489.2,4.3,25.5,293.5,165.9,4403.1,1050.8,2769.5,582.8
175,"Junction City, KS, USA",Junction City,KS,21798.0,43998.0,13433.0,5046.0,9.0,43.0,21.0,88.0,36.0,49.0,68.0,83.0,1906.0,611.0,1561.0,588.0,734.0,174.0,62.0,85.0,Junction City Police Dept,KS,12,24138.0,162.0,1,9.0,13,139,621.0,150,446.0,25,671.1,4.1,37.3,53.9,575.9,2572.7,621.4,1847.7,103.6
219,"Del City, OK, USA",Del City,OK,21429.0,40709.0,14516.0,4505.0,17.0,25.0,25.0,78.0,123.0,259.0,153.0,148.0,2062.0,659.0,1205.0,546.0,387.0,122.0,17.0,13.0,Del City Police Dept,OK,12,21880.0,142.0,3,14.0,29,96,1158.0,346,718.0,94,649.0,13.7,64.0,132.5,438.8,5292.5,1581.4,3281.5,429.6
159,"Cumberland, MD, USA",Cumberland,MD,20884.0,31827.0,18846.0,1221.0,38.0,0.0,14.0,225.0,120.0,175.0,92.0,81.0,2944.0,617.0,918.0,357.0,580.0,309.0,102.0,66.0,Cumberland Police Dept,MD,12,20939.0,166.0,0,15.0,27,124,1415.0,317,1068.0,30,792.8,0.0,71.6,128.9,592.2,6757.7,1513.9,5100.5,143.3
160,"Cumberland, MD, USA",Cumberland,MD,20884.0,31827.0,18846.0,1221.0,38.0,0.0,14.0,225.0,120.0,175.0,92.0,81.0,2944.0,617.0,918.0,357.0,580.0,309.0,102.0,66.0,Cumberland Police Dept,MD,12,7236.0,2.0,0,0.0,0,2,38.0,10,25.0,3,27.6,0.0,0.0,0.0,27.6,525.2,138.2,345.5,41.5
122,"Ashland, OH, USA",Ashland,OH,20569.0,40503.0,19552.0,298.0,43.0,0.0,9.0,147.0,44.0,134.0,182.0,181.0,1982.0,416.0,637.0,270.0,837.0,548.0,110.0,180.0,Ashland Police Dept,OH,12,20366.0,19.0,0,9.0,3,7,599.0,95,497.0,7,93.3,0.0,44.2,14.7,34.4,2941.2,466.5,2440.3,34.4
125,"Crestview, FL, USA",Crestview,FL,20543.0,48750.0,14873.0,3918.0,95.0,22.0,63.0,19.0,81.0,88.0,204.0,84.0,1751.0,326.0,1311.0,806.0,628.0,437.0,41.0,83.0,Crestview Police Dept,FL,12,21574.0,186.0,1,14.0,38,133,933.0,167,728.0,38,862.1,4.6,64.9,176.1,616.5,4324.7,774.1,3374.4,176.1
60,"Fort Walton Beach, FL, USA",Fort Walton Beach,FL,19820.0,47282.0,14836.0,3154.0,23.0,0.0,108.0,26.0,126.0,76.0,126.0,156.0,2103.0,628.0,1239.0,548.0,941.0,527.0,50.0,83.0,Fort Walton Beach Police Dept,FL,12,20063.0,48.0,1,4.0,7,36,772.0,143,586.0,43,239.2,5.0,19.9,34.9,179.4,3847.9,712.8,2920.8,214.3
156,"Decatur, GA, USA",Decatur,GA,19235.0,73602.0,13830.0,4504.0,56.0,0.0,16.0,35.0,11.0,7.0,39.0,107.0,652.0,114.0,542.0,203.0,1957.0,1039.0,567.0,325.0,Decatur Police Dept,GA,12,19764.0,39.0,0,0.0,25,14,652.0,92,498.0,62,197.3,0.0,0.0,126.5,70.8,3298.9,465.5,2519.7,313.7
254,"Tukwila, WA, USA",Tukwila,WA,18870.0,43887.0,9170.0,2967.0,293.0,81.0,104.0,130.0,126.0,183.0,150.0,227.0,1876.0,264.0,1107.0,438.0,934.0,229.0,59.0,31.0,Tukwila Police Dept,WA,12,19677.0,200.0,2,20.0,98,80,3161.0,282,2493.0,386,1016.4,10.2,101.6,498.0,406.6,16064.4,1433.1,12669.6,1961.7
147,"Morristown, NJ, USA",Morristown,NJ,18474.0,62600.0,13368.0,2968.0,271.0,97.0,82.0,264.0,44.0,166.0,74.0,134.0,1598.0,162.0,568.0,298.0,1349.0,496.0,175.0,119.0,Morristown Police Dept,NJ,12,18601.0,85.0,0,4.0,24,57,353.0,82,255.0,16,457.0,0.0,21.5,129.0,306.4,1897.7,440.8,1370.9,86.0
245,"Thomasville, GA, USA",Thomasville,GA,18437.0,29943.0,7695.0,10083.0,55.0,38.0,38.0,128.0,66.0,206.0,298.0,92.0,1970.0,189.0,603.0,248.0,665.0,327.0,199.0,139.0,Thomasville Police Dept,GA,12,18603.0,77.0,2,7.0,22,46,1195.0,353,791.0,51,413.9,10.8,37.6,118.3,247.3,6423.7,1897.5,4252.0,274.1
128,"Pooler, GA, USA",Pooler,GA,17799.0,71793.0,11283.0,4936.0,48.0,2.0,0.0,24.0,24.0,29.0,57.0,14.0,1474.0,375.0,1193.0,342.0,1289.0,420.0,309.0,103.0,Pooler Police Dept,GA,12,19850.0,27.0,1,4.0,11,11,510.0,112,367.0,31,136.0,5.0,20.2,55.4,55.4,2569.3,564.2,1848.9,156.2
234,"Tinton Falls, NJ, USA",Tinton Falls,NJ,17664.0,74879.0,14555.0,1555.0,63.0,2.0,17.0,35.0,25.0,58.0,127.0,64.0,1266.0,377.0,644.0,344.0,1545.0,849.0,236.0,136.0,Tinton Falls Police Dept,NJ,12,17999.0,13.0,1,0.0,2,10,457.0,66,384.0,7,72.2,5.6,0.0,11.1,55.6,2539.0,366.7,2133.5,38.9
93,"Ocean Springs, MS, USA",Ocean Springs,MS,17379.0,61469.0,14820.0,1830.0,35.0,0.0,63.0,175.0,47.0,77.0,31.0,143.0,1267.0,422.0,1049.0,547.0,1002.0,469.0,382.0,164.0,Ocean Springs Police Dept,MS,12,17510.0,34.0,2,2.0,5,25,549.0,106,419.0,24,194.2,11.4,11.4,28.6,142.8,3135.4,605.4,2392.9,137.1
241,"Cohoes, NY, USA",Cohoes,NY,16132.0,43535.0,14771.0,551.0,23.0,14.0,12.0,219.0,94.0,230.0,30.0,83.0,2102.0,284.0,728.0,757.0,692.0,156.0,53.0,39.0,Cohoes Police Dept,NY,12,16220.0,43.0,0,4.0,8,31,297.0,91,196.0,10,265.1,0.0,24.7,49.3,191.1,1831.1,561.0,1208.4,61.7
246,"Secaucus, NJ, USA",Secaucus,NJ,16125.0,83289.0,11271.0,656.0,33.0,100.0,62.0,69.0,96.0,259.0,47.0,64.0,1529.0,291.0,578.0,437.0,1386.0,699.0,150.0,118.0,Secaucus Police Dept,NJ,12,16517.0,16.0,0,0.0,16,0,462.0,36,377.0,49,96.9,0.0,0.0,96.9,0.0,2797.1,218.0,2282.5,296.7
120,"Floral Park, NY, USA",Floral Park,NY,16074.0,113478.0,13973.0,367.0,30.0,0.0,112.0,87.0,0.0,66.0,10.0,158.0,1287.0,277.0,591.0,408.0,1349.0,468.0,220.0,86.0,Floral Park Police Dept,NY,12,16010.0,3.0,0,0.0,1,2,64.0,13,48.0,3,18.7,0.0,0.0,6.2,12.5,399.8,81.2,299.8,18.7
136,"Maitland, FL, USA",Maitland,FL,15818.0,74974.0,12634.0,1186.0,16.0,14.0,13.0,16.0,32.0,37.0,14.0,77.0,676.0,140.0,541.0,354.0,1817.0,925.0,496.0,186.0,Maitland Police Dept,FL,12,16295.0,24.0,0,2.0,3,19,445.0,150,269.0,26,147.3,0.0,12.3,18.4,116.6,2730.9,920.5,1650.8,159.6
64,"Anacortes, WA, USA",Anacortes,WA,15775.0,57901.0,14484.0,199.0,0.0,0.0,15.0,38.0,62.0,110.0,121.0,66.0,1251.0,445.0,1049.0,388.0,1342.0,559.0,160.0,96.0,Anacortes Police Dept,WA,12,16097.0,16.0,0,1.0,2,13,577.0,157,386.0,34,99.4,0.0,6.2,12.4,80.8,3584.5,975.3,2398.0,211.2
9,"Brunswick, GA, USA",Brunswick,GA,15482.0,28196.0,4894.0,9315.0,48.0,77.0,111.0,141.0,191.0,301.0,295.0,36.0,1802.0,206.0,569.0,244.0,489.0,50.0,52.0,64.0,Brunswick Police Dept,GA,12,15691.0,220.0,4,3.0,61,152,1113.0,294,788.0,31,1402.1,25.5,19.1,388.8,968.7,7093.2,1873.7,5022.0,197.6
185,"Elkton, MD, USA",Elkton,MD,15240.0,57512.0,11758.0,2305.0,70.0,45.0,86.0,170.0,198.0,217.0,106.0,50.0,1673.0,308.0,585.0,134.0,501.0,211.0,42.0,26.0,Elkton Police Dept,MD,12,798.0,1.0,0,0.0,0,1,11.0,4,7.0,0,125.3,0.0,0.0,0.0,125.3,1378.4,501.3,877.2,0.0
184,"Elkton, MD, USA",Elkton,MD,15240.0,57512.0,11758.0,2305.0,70.0,45.0,86.0,170.0,198.0,217.0,106.0,50.0,1673.0,308.0,585.0,134.0,501.0,211.0,42.0,26.0,Elkton Police Dept,MD,12,15681.0,195.0,2,11.0,48,134,1265.0,234,1000.0,31,1243.5,12.8,70.1,306.1,854.5,8067.1,1492.3,6377.1,197.7
99,"Riverdale, GA, USA",Riverdale,GA,15125.0,37110.0,1419.0,11107.0,52.0,40.0,52.0,42.0,109.0,86.0,97.0,46.0,1627.0,157.0,617.0,472.0,419.0,181.0,74.0,0.0,Riverdale Police Dept,GA,12,15414.0,119.0,1,1.0,45,72,914.0,291,541.0,82,772.0,6.5,6.5,291.9,467.1,5929.7,1887.9,3509.8,532.0
162,"Conyers, GA, USA",Conyers,GA,14871.0,37805.0,5349.0,8383.0,0.0,52.0,336.0,84.0,209.0,105.0,183.0,91.0,1275.0,426.0,462.0,267.0,368.0,146.0,17.0,9.0,Conyers Police Dept,GA,12,15455.0,66.0,0,1.0,27,38,1007.0,161,759.0,87,427.0,0.0,6.5,174.7,245.9,6515.7,1041.7,4911.0,562.9
194,"Glens Falls, NY, USA",Glens Falls,NY,14733.0,43704.0,14099.0,273.0,43.0,0.0,2.0,86.0,44.0,71.0,79.0,64.0,1699.0,256.0,615.0,459.0,924.0,235.0,114.0,49.0,Glens Falls Police Dept,NY,12,14807.0,43.0,1,3.0,2,37,372.0,51,315.0,6,290.4,6.8,20.3,13.5,249.9,2512.3,344.4,2127.4,40.5
86,"St. Louis, MO, USA",St. Louis,MO,14231.0,77716.0,12867.0,395.0,0.0,0.0,0.0,105.0,0.0,37.0,15.0,25.0,834.0,281.0,815.0,433.0,1592.0,730.0,102.0,101.0,St. Louis Police Dept,MO,9,7453.0,6.0,0,3.0,0,3,85.0,12,72.0,1,,,,,,,,,
90,"Moss Point, MS, USA",Moss Point,MS,13885.0,36923.0,3294.0,10250.0,102.0,66.0,12.0,113.0,163.0,375.0,214.0,200.0,1797.0,384.0,742.0,155.0,388.0,77.0,43.0,20.0,Moss Point Police Dept,MS,12,13756.0,104.0,0,12.0,29,63,736.0,314,368.0,54,756.0,0.0,87.2,210.8,458.0,5350.4,2282.6,2675.2,392.6
87,"Riverhead, NY, USA",Riverhead,NY,12753.0,51205.0,8908.0,2036.0,67.0,0.0,109.0,158.0,38.0,67.0,124.0,116.0,1601.0,277.0,332.0,429.0,439.0,322.0,139.0,69.0,Riverhead Police Dept,NY,12,33809.0,76.0,0,4.0,30,42,980.0,122,835.0,23,224.8,0.0,11.8,88.7,124.2,2898.6,360.9,2469.8,68.0
208,"Cayce, SC, USA",Cayce,SC,12417.0,41271.0,9194.0,2782.0,34.0,6.0,34.0,35.0,67.0,125.0,100.0,128.0,1295.0,339.0,560.0,285.0,607.0,135.0,45.0,30.0,Cayce Police Dept,SC,12,12864.0,103.0,3,4.0,13,83,688.0,120,497.0,71,800.7,23.3,31.1,101.1,645.2,5348.3,932.8,3863.5,551.9
255,"Southern Pines, NC, USA",Southern Pines,NC,12244.0,43650.0,8405.0,3306.0,59.0,17.0,148.0,34.0,112.0,47.0,0.0,123.0,839.0,279.0,460.0,251.0,896.0,372.0,257.0,111.0,Southern Pines Police Dept,NC,12,12611.0,86.0,1,4.0,26,55,510.0,148,342.0,20,681.9,7.9,31.7,206.2,436.1,4044.1,1173.6,2711.9,158.6
174,"Lake City, FL, USA",Lake City,FL,12222.0,30812.0,6420.0,5426.0,66.0,46.0,34.0,83.0,40.0,87.0,169.0,115.0,1415.0,166.0,547.0,217.0,331.0,86.0,82.0,20.0,Lake City Police Dept,FL,12,12190.0,179.0,3,6.0,26,144,1004.0,253,734.0,17,1468.4,24.6,49.2,213.3,1181.3,8236.3,2075.5,6021.3,139.5
231,"Red Bank, NJ, USA",Red Bank,NJ,12172.0,62764.0,8783.0,1660.0,63.0,54.0,272.0,98.0,54.0,6.0,77.0,70.0,1111.0,276.0,406.0,320.0,1127.0,405.0,83.0,47.0,Red Bank Police Dept,NJ,12,12278.0,36.0,1,3.0,22,10,237.0,32,198.0,7,293.2,8.1,24.4,179.2,81.4,1930.3,260.6,1612.6,57.0
127,"Chamblee, GA, USA",Chamblee,GA,12095.0,54819.0,6633.0,1509.0,185.0,395.0,521.0,46.0,219.0,137.0,29.0,12.0,677.0,105.0,393.0,125.0,1202.0,318.0,102.0,98.0,Chamblee Police Dept,GA,12,15842.0,48.0,0,2.0,29,17,611.0,99,450.0,62,303.0,0.0,12.6,183.1,107.3,3856.8,624.9,2840.6,391.4
143,"Renton, WA, USA",Renton,WA,12087.0,88411.0,10127.0,186.0,2.0,7.0,16.0,0.0,18.0,0.0,25.0,66.0,808.0,510.0,690.0,410.0,1011.0,453.0,43.0,81.0,Renton Police Dept,WA,12,93722.0,283.0,2,27.0,115,139,4562.0,897,3048.0,617,302.0,2.1,28.8,122.7,148.3,4867.6,957.1,3252.2,658.3
173,"Largo, FL, USA",Largo,FL,11916.0,51798.0,10995.0,589.0,141.0,10.0,18.0,12.0,172.0,125.0,62.0,133.0,1534.0,346.0,582.0,401.0,893.0,345.0,89.0,37.0,Largo Police Dept,FL,12,78783.0,394.0,1,43.0,114,236,3117.0,574,2413.0,130,500.1,1.3,54.6,144.7,299.6,3956.4,728.6,3062.8,165.0
100,"Holly Hill, FL, USA",Holly Hill,FL,11870.0,31088.0,9863.0,1343.0,38.0,26.0,41.0,118.0,186.0,99.0,51.0,171.0,1807.0,253.0,606.0,150.0,461.0,98.0,27.0,24.0,Holly Hill Police Dept,FL,12,11822.0,66.0,1,3.0,12,50,635.0,133,433.0,69,558.3,8.5,25.4,101.5,422.9,5371.3,1125.0,3662.7,583.7
129,"Lilburn, GA, USA",Lilburn,GA,11786.0,61536.0,6209.0,1607.0,69.0,104.0,105.0,140.0,83.0,52.0,129.0,90.0,898.0,204.0,525.0,172.0,748.0,226.0,53.0,41.0,Lilburn Police Dept,GA,12,12079.0,46.0,0,3.0,22,21,789.0,99,656.0,34,380.8,0.0,24.8,182.1,173.9,6532.0,819.6,5430.9,281.5
88,"Bellmawr, NJ, USA",Bellmawr,NJ,11591.0,56390.0,9792.0,319.0,65.0,1.0,97.0,124.0,121.0,185.0,142.0,127.0,1685.0,278.0,363.0,204.0,342.0,143.0,65.0,56.0,Bellmawr Police Dept,NJ,12,11629.0,21.0,0,0.0,7,14,291.0,70,202.0,19,180.6,0.0,0.0,60.2,120.4,2502.4,601.9,1737.0,163.4
124,"Mandeville, LA, USA",Mandeville,LA,11561.0,64028.0,10166.0,457.0,41.0,6.0,28.0,0.0,50.0,54.0,114.0,20.0,749.0,175.0,828.0,251.0,949.0,364.0,213.0,86.0,Mandeville Police Dept,LA,12,11777.0,26.0,0,5.0,2,19,342.0,52,282.0,8,220.8,0.0,42.5,17.0,161.3,2904.0,441.5,2394.5,67.9
228,"Bluffton, SC, USA",Bluffton,SC,11547.0,57461.0,8308.0,2276.0,60.0,55.0,163.0,28.0,65.0,110.0,103.0,0.0,1156.0,192.0,393.0,334.0,673.0,299.0,91.0,41.0,Bluffton Police Dept,SC,12,12855.0,39.0,0,5.0,15,19,461.0,72,372.0,17,303.4,0.0,38.9,116.7,147.8,3586.2,560.1,2893.8,132.2
77,"Cocoa Beach, FL, USA",Cocoa Beach,FL,11498.0,53951.0,11036.0,87.0,9.0,2.0,9.0,31.0,12.0,53.0,27.0,49.0,891.0,204.0,661.0,360.0,1120.0,838.0,159.0,105.0,Cocoa Beach Police Dept,FL,12,11388.0,90.0,0,5.0,21,64,828.0,109,694.0,25,790.3,0.0,43.9,184.4,562.0,7270.8,957.1,6094.1,219.5
91,"Corning, NY, USA",Corning,NY,11138.0,38920.0,10420.0,345.0,13.0,0.0,2.0,109.0,12.0,24.0,61.0,45.0,1197.0,213.0,378.0,511.0,514.0,281.0,111.0,97.0,Corning Police Dept,NY,12,11247.0,30.0,0,8.0,3,19,318.0,40,275.0,3,266.7,0.0,71.1,26.7,168.9,2827.4,355.7,2445.1,26.7
73,"Edgewater, NJ, USA",Edgewater,NJ,11078.0,91554.0,5875.0,711.0,0.0,0.0,0.0,13.0,11.0,11.0,48.0,48.0,212.0,128.0,302.0,81.0,1552.0,779.0,351.0,347.0,Edgewater Police Dept,NJ,12,11647.0,9.0,0,0.0,5,4,193.0,26,157.0,10,77.3,0.0,0.0,42.9,34.3,1657.1,223.2,1348.0,85.9
111,"Lantana, FL, USA",Lantana,FL,10392.0,42731.0,6657.0,2440.0,60.0,46.0,15.0,125.0,66.0,227.0,136.0,53.0,1010.0,237.0,458.0,305.0,447.0,101.0,49.0,47.0,Lantana Police Dept,FL,12,10687.0,60.0,0,7.0,23,30,491.0,108,374.0,9,561.4,0.0,65.5,215.2,280.7,4594.4,1010.6,3499.6,84.2
85,"Denham Springs, LA, USA",Denham Springs,LA,10281.0,46074.0,8372.0,1736.0,42.0,17.0,11.0,82.0,43.0,53.0,113.0,61.0,1046.0,134.0,637.0,138.0,355.0,49.0,38.0,23.0,Denham Springs Police Dept,LA,12,10451.0,76.0,0,3.0,26,47,913.0,125,770.0,18,727.2,0.0,28.7,248.8,449.7,8736.0,1196.1,7367.7,172.2
218,"Norcross, GA, USA",Norcross,GA,9222.0,49219.0,3648.0,2025.0,22.0,139.0,551.0,91.0,103.0,30.0,10.0,154.0,699.0,60.0,290.0,184.0,631.0,240.0,39.0,48.0,Norcross Police Dept,GA,12,9440.0,79.0,5,6.0,36,32,618.0,183,394.0,41,836.9,53.0,63.6,381.4,339.0,6546.6,1938.6,4173.7,434.3
250,"Bladensburg, MD, USA",Bladensburg,MD,9025.0,43150.0,1551.0,6400.0,42.0,19.0,196.0,13.0,132.0,68.0,183.0,52.0,757.0,204.0,372.0,178.0,279.0,154.0,21.0,57.0,Bladensburg Police Dept,MD,12,9322.0,93.0,2,3.0,47,41,469.0,106,266.0,97,997.6,21.5,32.2,504.2,439.8,5031.1,1137.1,2853.5,1040.5
148,"East Rutherford, NJ, USA",East Rutherford,NJ,8875.0,65813.0,5980.0,175.0,0.0,0.0,22.0,27.0,29.0,90.0,15.0,69.0,822.0,177.0,619.0,219.0,854.0,227.0,86.0,16.0,East Rutherford Police Dept,NJ,12,9016.0,8.0,1,0.0,3,4,169.0,24,122.0,23,88.7,11.1,0.0,33.3,44.4,1874.4,266.2,1353.1,255.1
96,"Rutherford, NJ, USA",Rutherford,NJ,8875.0,65813.0,5980.0,175.0,0.0,0.0,22.0,27.0,29.0,90.0,15.0,69.0,822.0,177.0,619.0,219.0,854.0,227.0,86.0,16.0,Rutherford Police Dept,NJ,12,18268.0,8.0,0,0.0,3,5,304.0,76,214.0,14,43.8,0.0,0.0,16.4,27.4,1664.1,416.0,1171.4,76.6
211,"Doraville, GA, USA",Doraville,GA,8363.0,42443.0,4454.0,928.0,72.0,205.0,545.0,27.0,172.0,22.0,45.0,125.0,744.0,88.0,272.0,90.0,341.0,140.0,29.0,0.0,Doraville Police Dept,GA,12,8519.0,31.0,0,0.0,19,12,268.0,43,196.0,29,363.9,0.0,0.0,223.0,140.9,3145.9,504.8,2300.7,340.4
134,"Spotswood, NJ, USA",Spotswood,NJ,8218.0,72817.0,7571.0,210.0,0.0,0.0,36.0,49.0,74.0,9.0,179.0,38.0,959.0,174.0,251.0,64.0,328.0,171.0,44.0,31.0,Spotswood Police Dept,NJ,12,8342.0,5.0,0,0.0,3,2,97.0,15,81.0,1,59.9,0.0,0.0,36.0,24.0,1162.8,179.8,971.0,12.0
154,"Geneseo, NY, USA",Geneseo,NY,8037.0,39673.0,7065.0,202.0,22.0,6.0,11.0,12.0,0.0,28.0,52.0,15.0,191.0,90.0,108.0,34.0,275.0,140.0,37.0,127.0,Geneseo Police Dept,NY,12,8062.0,1.0,0,1.0,0,0,168.0,2,165.0,1,12.4,0.0,12.4,0.0,0.0,2083.9,24.8,2046.6,12.4
141,"Brooksville, FL, USA",Brooksville,FL,7860.0,31821.0,5589.0,2048.0,29.0,10.0,34.0,94.0,22.0,87.0,62.0,39.0,736.0,233.0,363.0,97.0,207.0,75.0,0.0,15.0,Brooksville Police Dept,FL,12,7841.0,78.0,0,6.0,22,50,459.0,65,382.0,12,994.8,0.0,76.5,280.6,637.7,5853.8,829.0,4871.8,153.0
116,"Dade City, FL, USA",Dade City,FL,6627.0,27045.0,4192.0,2124.0,77.0,0.0,86.0,98.0,70.0,71.0,87.0,88.0,557.0,115.0,326.0,93.0,208.0,15.0,39.0,0.0,Dade City Police Dept,FL,12,6549.0,60.0,1,5.0,10,44,338.0,80,246.0,12,916.2,15.3,76.3,152.7,671.9,5161.1,1221.6,3756.3,183.2
62,"Rochester, NY, USA",Rochester,NY,6589.0,44404.0,6207.0,131.0,27.0,0.0,31.0,15.0,39.0,34.0,7.0,61.0,526.0,222.0,343.0,132.0,356.0,174.0,33.0,0.0,Rochester Police Dept,NY,12,211993.0,2069.0,36,112.0,817,1104,11283.0,2978,7683.0,622,976.0,17.0,52.8,385.4,520.8,5322.3,1404.8,3624.2,293.4
224,"Leesville, LA, USA",Leesville,LA,6409.0,39167.0,3523.0,2171.0,46.0,18.0,16.0,33.0,60.0,69.0,85.0,46.0,702.0,174.0,320.0,99.0,168.0,71.0,25.0,11.0,Leesville Police Dept,LA,12,6623.0,30.0,0,3.0,1,26,285.0,8,274.0,3,453.0,0.0,45.3,15.1,392.6,4303.2,120.8,4137.1,45.3
131,"Morrow, GA, USA",Morrow,GA,6379.0,49524.0,1365.0,2382.0,1.0,19.0,26.0,12.0,23.0,20.0,136.0,26.0,708.0,167.0,394.0,101.0,210.0,25.0,0.0,24.0,Morrow Police Dept,GA,12,6564.0,34.0,0,1.0,24,9,1063.0,60,946.0,57,518.0,0.0,15.2,365.6,137.1,16194.4,914.1,14411.9,868.4
239,"Cheverly, MD, USA",Cheverly,MD,6207.0,85720.0,2045.0,3243.0,0.0,0.0,43.0,31.0,30.0,23.0,43.0,17.0,469.0,57.0,514.0,74.0,381.0,257.0,108.0,24.0,Cheverly Police Dept,MD,12,6291.0,23.0,0,0.0,10,13,120.0,17,83.0,20,365.6,0.0,0.0,159.0,206.6,1907.5,270.2,1319.3,317.9
249,"Marianna, FL, USA",Marianna,FL,6143.0,22972.0,3578.0,2319.0,33.0,14.0,49.0,35.0,24.0,81.0,109.0,30.0,802.0,135.0,227.0,103.0,173.0,77.0,30.0,0.0,Marianna Police Dept,FL,12,6125.0,59.0,0,3.0,15,41,182.0,55,127.0,0,963.3,0.0,49.0,244.9,669.4,2971.4,898.0,2073.5,0.0
118,"Dickson City, PA, USA",Dickson City,PA,6086.0,44550.0,5907.0,30.0,15.0,0.0,5.0,52.0,3.0,17.0,15.0,45.0,854.0,174.0,195.0,278.0,363.0,54.0,21.0,0.0,Dickson City Police Dept,PA,6,6072.0,2.0,0,1.0,0,1,150.0,3,144.0,3,,,,,,,,,
236,"Gulf Breeze, FL, USA",Gulf Breeze,FL,5841.0,76875.0,5531.0,47.0,0.0,0.0,0.0,0.0,17.0,16.0,0.0,27.0,539.0,69.0,388.0,151.0,484.0,117.0,142.0,103.0,Gulf Breeze Police Dept,FL,12,5950.0,5.0,0,1.0,0,4,142.0,27,114.0,1,84.0,0.0,16.8,0.0,67.2,2386.6,453.8,1916.0,16.8
226,"Locust Grove, GA, USA",Locust Grove,GA,5209.0,55063.0,3001.0,1964.0,0.0,0.0,14.0,34.0,30.0,95.0,153.0,0.0,694.0,86.0,325.0,142.0,66.0,20.0,26.0,28.0,Locust Grove Police Dept,GA,12,5553.0,15.0,0,1.0,1,13,344.0,58,274.0,12,270.1,0.0,18.0,18.0,234.1,6194.8,1044.5,4934.3,216.1
71,"Elmsford, NY, USA",Elmsford,NY,4654.0,77646.0,2371.0,1054.0,0.0,0.0,87.0,21.0,9.0,10.0,21.0,29.0,577.0,21.0,234.0,38.0,272.0,86.0,57.0,14.0,Elmsford Police Dept,NY,12,4724.0,5.0,0,0.0,1,4,50.0,12,31.0,7,105.8,0.0,0.0,21.2,84.7,1058.4,254.0,656.2,148.2
201,"Capitol Heights, MD, USA",Capitol Heights,MD,4316.0,64250.0,227.0,3992.0,15.0,0.0,0.0,10.0,27.0,67.0,64.0,20.0,621.0,75.0,154.0,51.0,30.0,36.0,6.0,0.0,Capitol Heights Police Dept,MD,12,4419.0,10.0,0,0.0,1,9,58.0,14,35.0,9,226.3,0.0,0.0,22.6,203.7,1312.5,316.8,792.0,203.7
142,"Spring Lake, NJ, USA",Spring Lake,NJ,3049.0,107723.0,3000.0,0.0,0.0,0.0,0.0,0.0,0.0,0.0,0.0,0.0,118.0,46.0,100.0,27.0,301.0,314.0,90.0,20.0,Spring Lake Police Dept,NJ,12,3012.0,0.0,0,0.0,0,0,75.0,10,65.0,0,0.0,0.0,0.0,0.0,0.0,2490.0,332.0,2158.0,0.0
144,"Hypoluxo, FL, USA",Hypoluxo,FL,2546.0,51952.0,2109.0,364.0,0.0,0.0,0.0,0.0,0.0,14.0,49.0,20.0,183.0,31.0,41.0,81.0,290.0,56.0,21.0,10.0,Hypoluxo,FL,12,2654.0,2.0,0,0.0,2,0,46.0,16,29.0,1,75.4,0.0,0.0,75.4,0.0,1733.2,602.9,1092.7,37.7
155,"Newark, NJ, USA",Newark,NJ,2401.0,54432.0,1179.0,55.0,9.0,22.0,44.0,57.0,4.0,22.0,33.0,39.0,241.0,27.0,107.0,18.0,128.0,11.0,0.0,0.0,Newark Police Dept,NJ,12,278906.0,3220.0,96,55.0,1976,1093,10199.0,2144,4093.0,3962,1154.5,34.4,19.7,708.5,391.9,3656.8,768.7,1467.5,1420.6
83,"Puyallup, WA, USA",Puyallup,WA,1719.0,39651.0,1674.0,0.0,0.0,0.0,0.0,15.0,34.0,22.0,76.0,64.0,220.0,68.0,103.0,65.0,0.0,0.0,8.0,0.0,Puyallup Police Dept,WA,12,37821.0,96.0,0,18.0,36,42,3034.0,450,2320.0,264,253.8,0.0,47.6,95.2,111.0,8022.0,1189.8,6134.2,698.0
109,"Atlantic Beach, NC, USA",Atlantic Beach,NC,1702.0,45156.0,1519.0,0.0,0.0,0.0,14.0,0.0,3.0,0.0,3.0,0.0,131.0,37.0,186.0,78.0,198.0,53.0,3.0,0.0,Atlantic Beach Police Dept,NC,12,1531.0,15.0,0,2.0,0,13,135.0,59,71.0,5,979.8,0.0,130.6,0.0,849.1,8817.8,3853.7,4637.5,326.6
244,"Dunnellon, FL, USA",Dunnellon,FL,1527.0,27500.0,1402.0,82.0,0.0,20.0,0.0,22.0,7.0,22.0,0.0,5.0,158.0,59.0,90.0,28.0,53.0,32.0,14.0,0.0,Dunnellon Police Dept,FL,12,1764.0,10.0,0,0.0,3,7,24.0,22,1.0,1,566.9,0.0,0.0,170.1,396.8,1360.5,1247.2,56.7,56.7
70,"Newnan, GA, USA",Newnan,GA,1151.0,37047.0,733.0,184.0,0.0,0.0,0.0,0.0,58.0,0.0,0.0,19.0,292.0,0.0,39.0,0.0,0.0,0.0,0.0,0.0,Newnan Police Dept,GA,12,34085.0,125.0,2,4.0,35,84,1147.0,246,840.0,61,366.7,5.9,11.7,102.7,246.4,3365.1,721.7,2464.4,179.0
22,"Richmond, IN, USA",Richmond,IN,521.0,72841.0,500.0,7.0,0.0,0.0,0.0,5.0,6.0,0.0,10.0,0.0,56.0,6.0,56.0,6.0,2.0,2.0,0.0,0.0,Richmond Police Dept,IN,12,1877.0,0.0,0,0.0,0,0,36.0,11,24.0,1,0.0,0.0,0.0,0.0,0.0,1918.0,586.0,1278.6,53.3
20,"Indianapolis, IN, USA",Indianapolis,IN,,,,,,,,,,,,,,,,,,,,,Indianapolis Police Dept,IN,12,838650.0,9942.0,97,436.0,3442,5967,46898.0,14774,27525.0,4599,1185.5,11.6,52.0,410.4,711.5,5592.1,1761.6,3282.1,548.4
67,"Lee County, FL, USA",Lee County,FL,,,,,,,,,,,,,,,,,,,,,Lee County Sheriff Department,FL,12,,1241.0,17,66.0,340,818,8854.0,2771,5482.0,601,,,,,,,,,
69,"Skagit County, WA, USA",Skagit County,WA,,,,,,,,,,,,,,,,,,,,,Skagit County Sheriff Department,WA,12,,95.0,1,12.0,8,74,1382.0,538,774.0,70,,,,,,,,,
81,"Montgomery County, MD, USA",Montgomery County,MD,,,,,,,,,,,,,,,,,,,,,Montgomery County Police Department,MD,12,,1795.0,14,102.0,829,850,16695.0,2600,13083.0,1012,,,,,,,,,
92,"Davidson County, NC, USA",Davidson County,NC,,,,,,,,,,,,,,,,,,,,,Davidson County Sheriff Department,NC,12,,83.0,0,4.0,13,66,1830.0,824,887.0,119,,,,,,,,,
102,"Gwinnett County, GA, USA",Gwinnett County,GA,,,,,,,,,,,,,,,,,,,,,Gwinnett County Police Department,GA,12,,1578.0,34,161.0,662,721,14179.0,4100,8984.0,1095,,,,,,,,,
107,"Bossier Parish, LA, USA",Bossier Parish,LA,,,,,,,,,,,,,,,,,,,,,Bossier Parish Sheriff Department,LA,12,,5.0,0,1.0,2,2,498.0,65,431.0,2,,,,,,,,,
130,"King County, WA, USA",King County,WA,,,,,,,,,,,,,,,,,,,,,King County Sheriff Office,WA,12,,405.0,7,64.0,127,207,5555.0,2436,2525.0,594,,,,,,,,,
150,"Johnston County, NC, USA",Johnston County,NC,,,,,,,,,,,,,,,,,,,,,Johnston County Sheriff Department,NC,12,,121.0,0,21.0,11,89,2228.0,895,1238.0,95,,,,,,,,,
163,"Pierce County, WA, USA",Pierce County,WA,,,,,,,,,,,,,,,,,,,,,Pierce County Sheriff Department,WA,12,,1000.0,17,102.0,198,683,9990.0,3663,5233.0,1094,,,,,,,,,
171,"Horry County, SC, USA",Horry County,SC,,,,,,,,,,,,,,,,,,,,,Horry County Police Department,SC,10,,757.0,7,95.0,103,552,4730.0,1273,3076.0,381,,,,,,,,,
183,"Howard County, MD, USA",Howard County,MD,,,,,,,,,,,,,,,,,,,,,Howard County Police Department,MD,12,,574.0,4,34.0,177,359,6410.0,1185,4913.0,312,,,,,,,,,
197,"Morgan County, IN, USA",Morgan County,IN,,,,,,,,,,,,,,,,,,,,,Morgan County Sheriff Department,IN,12,,18.0,0,7.0,1,10,111.0,58,52.0,1,,,,,,,,,
199,"Bay County, FL, USA",Bay County,FL,,,,,,,,,,,,,,,,,,,,,Bay County Sheriff Department,FL,12,,336.0,3,41.0,52,240,2694.0,702,1871.0,121,,,,,,,,,
222,"Broward County, FL, USA",Broward County,FL,,,,,,,,,,,,,,,,,,,,,Broward County Sheriff Department,FL,12,,335.0,2,23.0,76,234,1113.0,289,770.0,54,,,,,,,,,
248,"Kitsap County, WA, USA",Kitsap County,WA,,,,,,,,,,,,,,,,,,,,,Kitsap County Sheriff Office,WA,12,,338.0,2,54.0,47,235,4317.0,1287,2711.0,319,,,,,,,,,
257,"Valley County, ID, USA",Valley County,ID,,,,,,,,,,,,,,,,,,,,,Valley County Sheriff Department,ID,12,,9.0,0,3.0,0,6,72.0,21,49.0,2,,,,,,,,,
260,"Stockton, IN, USA",Stockton,IN,,,,,,,,,,,,,,,,,,,,,Stockton Police Dept,IN,12,1865.0,9.0,0,0.0,0,9,23.0,6,17.0,0,482.6,0.0,0.0,0.0,482.6,1233.2,321.7,911.5,0.0
